trip_id,rider_id,driver_id,distance,fare,week_day,ride_type,city,on_subscription
T0001,R001,D031,1.2,15.56,Sunday,Plus,NYC,TRUE
T0002,R001,D079,7.1,9.87,Friday,Plus,London,TRUE
T0003,R001,D051,6.1,9.92,Friday,Plus,NYC,TRUE
T0004,R001,D014,16.7,16.65,Wednesday,Plus,London,TRUE
T0005,R001,D067,18.7,12.48,Friday,Premium,Chicago,TRUE
T0006,R001,D042,3.4,12.46,Friday,Plus,NYC,TRUE
T0007,R001,D050,18.4,9,Saturday,Premium,Chicago,TRUE
T0008,R001,D043,12.5,18.95,Tuesday,Plus,Chicago,TRUE
T0009,R001,D014,8.6,15.16,Friday,Plus,London,TRUE
T0010,R001,D025,13.7,15.65,Friday,XL,Chicago,TRUE
T0011,R001,D090,15.6,9.23,Monday,Plus,Chicago,TRUE
T0012,R001,D091,10.9,13.71,Monday,Economy,London,TRUE
T0013,R001,D069,8.5,19.31,Sunday,Premium,Chicago,TRUE
T0014,R001,D091,19.3,5.54,Wednesday,Economy,NYC,TRUE
T0015,R001,D057,1.9,12.65,Saturday,Economy,NYC,TRUE
T0016,R001,D092,3.9,17.91,Tuesday,XL,Chicago,TRUE
T0017,R001,D009,14.2,9.16,Monday,Premium,Chicago,TRUE
T0018,R001,D093,14.8,10.44,Monday,Economy,Chicago,TRUE
T0019,R001,D099,3.1,18.75,Thursday,Economy,NYC,TRUE
T0020,R001,D072,9.8,6.2,Thursday,XL,London,TRUE
T0021,R002,D026,13.2,12.69,Thursday,Premium,NYC,TRUE
T0022,R002,D007,8.5,11.3,Monday,Economy,London,TRUE
T0023,R002,D042,19.8,7.37,Tuesday,Plus,Chicago,TRUE
T0024,R002,D009,13.9,11.74,Saturday,Economy,NYC,TRUE
T0025,R002,D083,7,7.54,Tuesday,Premium,Chicago,TRUE
T0026,R002,D036,3.9,17.83,Tuesday,Premium,NYC,TRUE
T0027,R002,D078,6.7,15.32,Friday,Economy,London,TRUE
T0028,R002,D081,2.8,6.82,Friday,XL,Chicago,TRUE
T0029,R002,D043,1.5,6.79,Wednesday,Premium,London,TRUE
T0030,R002,D076,6.9,9.33,Saturday,Plus,London,TRUE
T0031,R002,D015,15.1,19.1,Saturday,Premium,London,TRUE
T0032,R002,D032,19.2,18.97,Sunday,Economy,NYC,TRUE
T0033,R002,D007,8.9,7.74,Tuesday,Premium,Chicago,TRUE
T0034,R002,D009,10.9,18.69,Saturday,Premium,NYC,TRUE
T0035,R002,D041,2.3,6,Saturday,XL,Chicago,TRUE
T0036,R002,D074,13,18.16,Thursday,Economy,Chicago,TRUE
T0037,R002,D023,7.7,5.88,Thursday,Premium,London,TRUE
T0038,R002,D027,9.1,19.28,Thursday,Plus,Chicago,TRUE
T0039,R002,D060,19.3,7.4,Wednesday,Economy,Chicago,TRUE
T0040,R002,D053,13.9,13.71,Monday,Premium,London,TRUE
T0041,R003,D007,14.7,15.67,Friday,Premium,London,TRUE
T0042,R003,D053,4.2,9.2,Thursday,XL,Chicago,TRUE
T0043,R003,D027,4.9,5.4,Saturday,XL,NYC,TRUE
T0044,R003,D096,17.7,15.66,Sunday,XL,NYC,TRUE
T0045,R003,D038,16.9,9.69,Wednesday,Plus,NYC,TRUE
T0046,R003,D089,14.7,17.83,Tuesday,Premium,London,TRUE
T0047,R003,D034,6.3,12.08,Monday,Premium,NYC,TRUE
T0048,R003,D093,5,19.88,Wednesday,Premium,Chicago,TRUE
T0049,R003,D069,10.4,6.17,Friday,Premium,NYC,TRUE
T0050,R003,D072,10.9,5.37,Saturday,Premium,NYC,TRUE
T0051,R003,D076,5.2,13.63,Thursday,Premium,London,TRUE
T0052,R003,D063,15.5,14.11,Monday,Plus,NYC,TRUE
T0053,R003,D013,1.5,5.07,Friday,Plus,London,TRUE
T0054,R003,D082,14.5,16.16,Monday,XL,NYC,TRUE
T0055,R003,D097,17,5.7,Friday,Premium,NYC,TRUE
T0056,R003,D091,18.7,12.17,Friday,XL,Chicago,TRUE
T0057,R003,D025,13.6,19.08,Sunday,Plus,Chicago,TRUE
T0058,R003,D038,6.1,5.89,Wednesday,Premium,London,TRUE
T0059,R003,D021,5.1,19.3,Saturday,XL,NYC,TRUE
T0060,R003,D079,17.5,16.56,Sunday,Premium,London,TRUE
T0061,R004,D041,1.5,17.77,Sunday,Economy,London,TRUE
T0062,R004,D047,17.2,8.27,Thursday,Economy,NYC,TRUE
T0063,R004,D090,11,19.92,Sunday,Plus,Chicago,TRUE
T0064,R004,D060,9.3,15.4,Thursday,Economy,Chicago,TRUE
T0065,R004,D095,18.7,9.31,Saturday,Premium,London,TRUE
T0066,R004,D016,4.1,17.27,Sunday,Economy,London,TRUE
T0067,R004,D094,8.2,19.39,Friday,Economy,NYC,TRUE
T0068,R004,D006,3.6,18.51,Monday,XL,NYC,TRUE
T0069,R004,D072,3.8,6.9,Thursday,Economy,NYC,TRUE
T0070,R004,D086,13.9,5.89,Saturday,XL,London,TRUE
T0071,R004,D086,11.7,17.28,Sunday,Plus,Chicago,TRUE
T0072,R004,D039,10,17.9,Friday,Premium,Chicago,TRUE
T0073,R004,D031,16.4,5.68,Sunday,Premium,Chicago,TRUE
T0074,R004,D081,19.3,8.37,Monday,Economy,NYC,TRUE
T0075,R004,D050,10.8,15.57,Tuesday,Premium,NYC,TRUE
T0076,R004,D034,14.4,6.48,Sunday,Economy,Chicago,TRUE
T0077,R004,D004,4.4,5.24,Friday,XL,Chicago,TRUE
T0078,R004,D013,7.7,18.58,Wednesday,Plus,NYC,TRUE
T0079,R004,D069,1.9,5.74,Friday,Premium,London,TRUE
T0080,R004,D025,3.9,18.11,Saturday,Economy,London,TRUE
T0081,R005,D052,2.9,6.81,Friday,Economy,NYC,TRUE
T0082,R005,D022,6.3,11.06,Thursday,Economy,NYC,TRUE
T0083,R005,D089,8.4,8.45,Sunday,Economy,London,TRUE
T0084,R005,D032,13,16.64,Friday,Plus,Chicago,TRUE
T0085,R005,D025,14.4,13.64,Sunday,Economy,Chicago,TRUE
T0086,R005,D087,7.2,7.92,Tuesday,Plus,NYC,TRUE
T0087,R005,D035,19.3,11.37,Wednesday,Premium,Chicago,TRUE
T0088,R005,D040,14.2,11.6,Monday,Plus,NYC,TRUE
T0089,R005,D030,4.1,18.63,Friday,Plus,London,TRUE
T0090,R005,D012,8,11.94,Sunday,Economy,NYC,TRUE
T0091,R005,D031,6.7,18.97,Monday,XL,NYC,TRUE
T0092,R005,D030,9.7,10.84,Monday,Premium,Chicago,TRUE
T0093,R005,D064,16.6,17.08,Wednesday,Plus,London,TRUE
T0094,R005,D099,5.4,16.53,Friday,Economy,London,TRUE
T0095,R005,D014,8.6,10.11,Monday,Plus,NYC,TRUE
T0096,R005,D093,19.5,19.07,Wednesday,XL,Chicago,TRUE
T0097,R005,D096,3.4,12.56,Thursday,Plus,London,TRUE
T0098,R005,D071,13,9.86,Tuesday,Plus,London,TRUE
T0099,R005,D067,14.4,11.64,Wednesday,Plus,London,TRUE
T0100,R005,D023,12.2,12.3,Saturday,Economy,London,TRUE
T0101,R006,D079,19.9,17.62,Friday,Economy,Chicago,TRUE
T0102,R006,D085,1.9,19.24,Thursday,Plus,Chicago,TRUE
T0103,R006,D037,19.8,12.06,Saturday,XL,Chicago,TRUE
T0104,R006,D008,15.2,10.57,Thursday,Plus,Chicago,TRUE
T0105,R006,D051,9.3,8.39,Tuesday,Plus,NYC,TRUE
T0106,R006,D074,3.9,5.07,Friday,Premium,Chicago,TRUE
T0107,R006,D050,9.5,15.64,Monday,XL,NYC,TRUE
T0108,R006,D098,4.5,15.45,Friday,Economy,NYC,TRUE
T0109,R006,D074,9.1,5.22,Wednesday,Premium,Chicago,TRUE
T0110,R006,D086,16.6,7.82,Friday,Plus,London,TRUE
T0111,R006,D076,2,13.05,Sunday,XL,Chicago,TRUE
T0112,R006,D084,7.2,7.39,Monday,XL,London,TRUE
T0113,R006,D046,17,8.69,Saturday,Premium,NYC,TRUE
T0114,R006,D017,1.8,18.83,Monday,Plus,Chicago,TRUE
T0115,R006,D062,16,10.45,Wednesday,Plus,NYC,TRUE
T0116,R006,D046,19.3,19.89,Wednesday,Economy,NYC,TRUE
T0117,R006,D054,13.6,15.89,Tuesday,XL,Chicago,TRUE
T0118,R006,D035,1.2,7.24,Saturday,Premium,Chicago,TRUE
T0119,R006,D094,9.8,13.88,Tuesday,Economy,NYC,TRUE
T0120,R006,D079,14.6,17.73,Tuesday,XL,Chicago,TRUE
T0121,R007,D024,1.5,16.01,Sunday,Economy,London,TRUE
T0122,R007,D087,17.1,11.94,Thursday,XL,Chicago,TRUE
T0123,R007,D007,15.2,12.67,Wednesday,Economy,Chicago,TRUE
T0124,R007,D093,6,13.35,Thursday,Premium,London,TRUE
T0125,R007,D079,15.2,8.01,Sunday,Premium,NYC,TRUE
T0126,R007,D023,13.8,18.34,Monday,Economy,London,TRUE
T0127,R007,D026,4.3,7.32,Thursday,Plus,London,TRUE
T0128,R007,D032,13.7,13.77,Saturday,XL,Chicago,TRUE
T0129,R007,D007,18.7,12.21,Thursday,Economy,NYC,TRUE
T0130,R007,D027,17.2,7.96,Tuesday,XL,London,TRUE
T0131,R007,D042,15.8,19.68,Wednesday,XL,London,TRUE
T0132,R007,D005,14,9.79,Wednesday,Economy,London,TRUE
T0133,R007,D070,12.2,5.67,Saturday,XL,NYC,TRUE
T0134,R007,D016,8.7,16.31,Thursday,Economy,Chicago,TRUE
T0135,R007,D024,3.4,13.5,Wednesday,XL,NYC,TRUE
T0136,R007,D032,16.6,5.15,Tuesday,Plus,London,TRUE
T0137,R007,D021,14.6,9.51,Tuesday,Premium,Chicago,TRUE
T0138,R007,D055,16,17.95,Wednesday,Premium,London,TRUE
T0139,R007,D075,1.3,8.48,Saturday,XL,London,TRUE
T0140,R007,D036,4.3,5.88,Friday,XL,NYC,TRUE
T0141,R008,D083,12.4,15.67,Monday,Premium,NYC,TRUE
T0142,R008,D089,2.5,12.63,Friday,Plus,London,TRUE
T0143,R008,D039,14.4,11.07,Monday,Plus,NYC,TRUE
T0144,R008,D054,11.7,11.37,Wednesday,XL,London,TRUE
T0145,R008,D090,6.4,18.71,Wednesday,XL,NYC,TRUE
T0146,R008,D009,8.4,18.53,Tuesday,Economy,London,TRUE
T0147,R008,D071,13.8,8.27,Monday,Premium,London,TRUE
T0148,R008,D098,4.1,13.62,Wednesday,XL,NYC,TRUE
T0149,R008,D048,3.1,5.61,Wednesday,Plus,NYC,TRUE
T0150,R008,D077,11.1,13.11,Sunday,XL,Chicago,TRUE
T0151,R008,D083,3,6.69,Sunday,Economy,NYC,TRUE
T0152,R008,D056,2.8,16.36,Sunday,Plus,Chicago,TRUE
T0153,R008,D039,13.2,6.67,Tuesday,Premium,Chicago,TRUE
T0154,R008,D068,11.7,8.06,Monday,Plus,NYC,TRUE
T0155,R008,D001,6.8,16.52,Monday,Economy,NYC,TRUE
T0156,R008,D040,6.1,11.34,Sunday,Plus,Chicago,TRUE
T0157,R008,D030,13,13.2,Saturday,XL,Chicago,TRUE
T0158,R008,D094,16.8,18.21,Thursday,Plus,NYC,TRUE
T0159,R008,D089,2,15.91,Tuesday,Plus,NYC,TRUE
T0160,R008,D016,19.9,16.29,Saturday,Plus,London,TRUE
T0161,R009,D088,1.4,14.01,Tuesday,XL,London,TRUE
T0162,R009,D054,4.4,6.52,Thursday,Plus,Chicago,TRUE
T0163,R009,D075,7.2,17.39,Tuesday,Premium,London,TRUE
T0164,R009,D048,17.2,16.07,Saturday,Premium,Chicago,TRUE
T0165,R009,D020,4.5,18.24,Saturday,XL,Chicago,TRUE
T0166,R009,D067,16.1,6.26,Saturday,Plus,Chicago,TRUE
T0167,R009,D093,17.3,17.44,Saturday,Plus,London,TRUE
T0168,R009,D036,10,9.12,Wednesday,Plus,NYC,TRUE
T0169,R009,D052,13.3,10.01,Tuesday,Economy,London,TRUE
T0170,R009,D022,7.2,18.31,Sunday,XL,London,TRUE
T0171,R009,D049,9.9,7.87,Thursday,XL,London,TRUE
T0172,R009,D042,18.9,5.18,Wednesday,XL,Chicago,TRUE
T0173,R009,D059,5.7,15.58,Thursday,Economy,London,TRUE
T0174,R009,D084,1.4,5.56,Monday,XL,NYC,TRUE
T0175,R009,D011,19.4,17.34,Saturday,XL,Chicago,TRUE
T0176,R009,D055,5.9,18.55,Friday,XL,London,TRUE
T0177,R009,D008,13.4,7.5,Thursday,Economy,London,TRUE
T0178,R009,D046,2.4,8.11,Wednesday,Plus,NYC,TRUE
T0179,R009,D085,19.4,16.94,Tuesday,Economy,Chicago,TRUE
T0180,R009,D066,18.5,18.4,Friday,Premium,Chicago,TRUE
T0181,R010,D077,17.5,8.66,Monday,XL,Chicago,TRUE
T0182,R010,D046,9.1,11.5,Sunday,Plus,Chicago,TRUE
T0183,R010,D070,15.8,10.97,Monday,Premium,NYC,TRUE
T0184,R010,D072,6.7,14.98,Saturday,Premium,NYC,TRUE
T0185,R010,D044,6.5,9.58,Saturday,Economy,NYC,TRUE
T0186,R010,D032,20,16.88,Sunday,Premium,NYC,TRUE
T0187,R010,D036,19.8,10.12,Thursday,XL,Chicago,TRUE
T0188,R010,D045,10.1,8.86,Thursday,Plus,London,TRUE
T0189,R010,D014,15.5,5.06,Friday,XL,London,TRUE
T0190,R010,D016,7.2,10.71,Tuesday,Plus,Chicago,TRUE
T0191,R010,D087,5.5,13.99,Tuesday,Premium,London,TRUE
T0192,R010,D033,12.7,10.09,Friday,XL,London,TRUE
T0193,R010,D040,7.5,7.64,Friday,Plus,London,TRUE
T0194,R010,D040,2.1,19.96,Friday,XL,Chicago,TRUE
T0195,R010,D010,19.7,8.98,Monday,Economy,London,TRUE
T0196,R010,D089,14.1,13.25,Saturday,Premium,Chicago,TRUE
T0197,R010,D072,17.4,7.03,Friday,XL,Chicago,TRUE
T0198,R010,D082,9.8,15.23,Saturday,Premium,Chicago,TRUE
T0199,R010,D009,3.4,11.76,Sunday,XL,Chicago,TRUE
T0200,R010,D007,13.9,10.5,Tuesday,Plus,Chicago,TRUE
T0201,R011,D007,1.4,10.79,Thursday,Plus,Chicago,TRUE
T0202,R011,D058,4.1,11.07,Thursday,XL,Chicago,TRUE
T0203,R011,D061,18,17.41,Wednesday,Economy,NYC,TRUE
T0204,R011,D074,3.9,18.74,Saturday,XL,London,TRUE
T0205,R011,D024,5.9,16.42,Tuesday,Economy,London,TRUE
T0206,R011,D063,5.6,10.51,Monday,Plus,NYC,TRUE
T0207,R011,D054,6.9,15.37,Tuesday,XL,NYC,TRUE
T0208,R011,D023,5.2,12.62,Tuesday,Premium,London,TRUE
T0209,R011,D026,1.6,5.29,Saturday,Economy,NYC,TRUE
T0210,R011,D033,18.2,14.7,Monday,Economy,NYC,TRUE
T0211,R011,D057,19.2,14.35,Saturday,Plus,Chicago,TRUE
T0212,R011,D029,18.9,9.99,Tuesday,Premium,NYC,TRUE
T0213,R011,D010,9.6,5.39,Tuesday,Premium,NYC,TRUE
T0214,R011,D053,9.3,19.62,Sunday,Plus,Chicago,TRUE
T0215,R011,D054,2,19.87,Monday,XL,London,TRUE
T0216,R011,D077,7.8,6.15,Sunday,XL,Chicago,TRUE
T0217,R011,D011,18,13.07,Friday,XL,NYC,TRUE
T0218,R011,D025,8.1,19.67,Monday,XL,London,TRUE
T0219,R011,D052,10.6,6.65,Monday,XL,NYC,TRUE
T0220,R011,D026,11,10.44,Sunday,Plus,Chicago,TRUE
T0221,R012,D007,4.2,12.5,Friday,XL,Chicago,TRUE
T0222,R012,D025,11.2,18.69,Sunday,Economy,Chicago,TRUE
T0223,R012,D087,3.1,13.58,Saturday,Economy,Chicago,TRUE
T0224,R012,D090,12.7,5.34,Wednesday,Plus,London,TRUE
T0225,R012,D032,11.4,17.83,Thursday,Plus,NYC,TRUE
T0226,R012,D084,5.3,17.46,Sunday,XL,Chicago,TRUE
T0227,R012,D024,18.1,18.17,Thursday,Premium,Chicago,TRUE
T0228,R012,D057,4.8,17.14,Thursday,XL,Chicago,TRUE
T0229,R012,D073,9,5,Sunday,Economy,Chicago,TRUE
T0230,R012,D023,17.8,6.53,Friday,XL,London,TRUE
T0231,R012,D014,5.5,17.52,Sunday,Economy,London,TRUE
T0232,R012,D006,6.5,8.32,Monday,XL,Chicago,TRUE
T0233,R012,D091,17.7,5.46,Sunday,XL,NYC,TRUE
T0234,R012,D001,12.8,13.65,Tuesday,Plus,NYC,TRUE
T0235,R012,D090,17.3,16.35,Wednesday,Plus,Chicago,TRUE
T0236,R012,D058,10.1,18.1,Saturday,Economy,NYC,TRUE
T0237,R012,D081,18,5.91,Friday,Plus,London,TRUE
T0238,R012,D029,4.2,8.33,Monday,Plus,NYC,TRUE
T0239,R012,D026,12.8,11.21,Wednesday,XL,Chicago,TRUE
T0240,R012,D027,14.7,11.17,Sunday,XL,London,TRUE
T0241,R013,D085,4.6,13.69,Monday,Premium,NYC,TRUE
T0242,R013,D007,11.8,19.13,Friday,Premium,London,TRUE
T0243,R013,D060,13.8,19.81,Saturday,Plus,Chicago,TRUE
T0244,R013,D026,18.5,6.95,Wednesday,Premium,London,TRUE
T0245,R013,D041,7.2,9.12,Sunday,XL,London,TRUE
T0246,R013,D084,11.4,17.43,Friday,Economy,London,TRUE
T0247,R013,D006,1.1,19.87,Tuesday,Plus,London,TRUE
T0248,R013,D094,8,15.1,Saturday,Plus,NYC,TRUE
T0249,R013,D031,13.1,6.16,Friday,Premium,Chicago,TRUE
T0250,R013,D093,12.6,7.02,Tuesday,XL,London,TRUE
T0251,R013,D017,16.5,10.07,Monday,Economy,London,TRUE
T0252,R013,D064,3.2,8.78,Friday,Premium,NYC,TRUE
T0253,R013,D037,13.6,8.76,Sunday,XL,Chicago,TRUE
T0254,R013,D057,4.8,16.75,Friday,XL,NYC,TRUE
T0255,R013,D020,12.2,7.61,Monday,Economy,NYC,TRUE
T0256,R013,D035,14.2,13.97,Sunday,Economy,London,TRUE
T0257,R013,D089,11,15.37,Saturday,Economy,Chicago,TRUE
T0258,R013,D033,8,18.84,Sunday,Economy,Chicago,TRUE
T0259,R013,D066,14.3,15.35,Thursday,Premium,Chicago,TRUE
T0260,R013,D004,10,9.1,Monday,Plus,London,TRUE
T0261,R014,D074,5.4,5.16,Tuesday,XL,London,TRUE
T0262,R014,D097,9.6,5.65,Friday,Premium,Chicago,TRUE
T0263,R014,D005,2.5,7.52,Friday,XL,Chicago,TRUE
T0264,R014,D025,5.9,17.79,Wednesday,Economy,NYC,TRUE
T0265,R014,D008,11.5,5.69,Wednesday,Economy,London,TRUE
T0266,R014,D055,1.4,9.07,Friday,Economy,London,TRUE
T0267,R014,D089,5,18.33,Monday,XL,NYC,TRUE
T0268,R014,D085,13.1,13.22,Wednesday,XL,Chicago,TRUE
T0269,R014,D045,14.6,17.07,Monday,Premium,Chicago,TRUE
T0270,R014,D018,15.8,19.36,Thursday,Premium,Chicago,TRUE
T0271,R014,D042,2.4,15.35,Thursday,Plus,London,TRUE
T0272,R014,D031,2.9,11.02,Wednesday,Premium,Chicago,TRUE
T0273,R014,D006,19,19.57,Saturday,XL,Chicago,TRUE
T0274,R014,D071,18.7,19.09,Wednesday,Premium,London,TRUE
T0275,R014,D061,18.5,12.77,Thursday,XL,Chicago,TRUE
T0276,R014,D048,13.3,7.04,Thursday,Premium,London,TRUE
T0277,R014,D017,4,14.4,Friday,Plus,NYC,TRUE
T0278,R014,D045,18.3,17.34,Tuesday,Plus,London,TRUE
T0279,R014,D092,18.5,7.04,Tuesday,Premium,London,TRUE
T0280,R014,D063,4.2,13.96,Thursday,Premium,London,TRUE
T0281,R015,D053,2.4,19.74,Sunday,XL,Chicago,TRUE
T0282,R015,D053,11.8,8.46,Saturday,XL,Chicago,TRUE
T0283,R015,D063,7.9,11.26,Friday,XL,NYC,TRUE
T0284,R015,D071,9.7,6.5,Saturday,Economy,London,TRUE
T0285,R015,D084,9.8,9.18,Thursday,Plus,London,TRUE
T0286,R015,D082,15.8,12.96,Monday,Economy,Chicago,TRUE
T0287,R015,D093,16.6,9.71,Sunday,Premium,NYC,TRUE
T0288,R015,D017,6.4,14.01,Wednesday,Economy,NYC,TRUE
T0289,R015,D097,14.9,19.81,Saturday,Premium,London,TRUE
T0290,R015,D002,10.4,14.14,Sunday,Plus,NYC,TRUE
T0291,R015,D049,2.3,7.19,Sunday,Economy,Chicago,TRUE
T0292,R015,D002,1.7,15.56,Tuesday,XL,London,TRUE
T0293,R015,D013,5.5,15.19,Monday,Plus,NYC,TRUE
T0294,R015,D024,5.1,9.84,Wednesday,XL,NYC,TRUE
T0295,R015,D049,9,11.35,Sunday,XL,NYC,TRUE
T0296,R015,D067,11.4,9.57,Thursday,Economy,NYC,TRUE
T0297,R015,D082,14.6,17.49,Friday,Premium,Chicago,TRUE
T0298,R015,D002,5.6,13.9,Monday,Premium,NYC,TRUE
T0299,R015,D037,18,17.11,Tuesday,XL,Chicago,TRUE
T0300,R015,D063,10.2,9.41,Friday,Plus,London,TRUE
T0301,R016,D076,6,7.12,Saturday,Plus,NYC,TRUE
T0302,R016,D013,7.1,18.33,Saturday,Economy,NYC,TRUE
T0303,R016,D042,13.6,5.12,Thursday,Premium,London,TRUE
T0304,R016,D061,14.8,13.54,Friday,Premium,NYC,TRUE
T0305,R016,D070,11.9,19.51,Thursday,Premium,NYC,TRUE
T0306,R016,D038,17.7,9.04,Friday,Plus,Chicago,TRUE
T0307,R016,D064,8.8,19.76,Monday,Plus,London,TRUE
T0308,R016,D080,4.9,5.53,Thursday,Plus,London,TRUE
T0309,R016,D099,9.9,8.87,Thursday,Plus,NYC,TRUE
T0310,R016,D036,8.2,8.9,Monday,Economy,London,TRUE
T0311,R016,D091,5.7,19.22,Monday,Premium,London,TRUE
T0312,R016,D091,18.6,19.69,Thursday,Economy,NYC,TRUE
T0313,R016,D035,9.9,16.02,Monday,Plus,NYC,TRUE
T0314,R016,D087,1.3,9.31,Sunday,Economy,NYC,TRUE
T0315,R016,D067,18.9,11.13,Wednesday,Economy,London,TRUE
T0316,R016,D095,8.1,8.02,Wednesday,Plus,Chicago,TRUE
T0317,R016,D048,1.2,16.5,Saturday,Premium,Chicago,TRUE
T0318,R016,D066,19.6,16.15,Friday,Premium,NYC,TRUE
T0319,R016,D023,8.2,12.48,Saturday,Economy,NYC,TRUE
T0320,R016,D067,19.7,15.06,Friday,Plus,NYC,TRUE
T0321,R017,D009,3.7,16.29,Sunday,Premium,NYC,TRUE
T0322,R017,D061,11.7,16.61,Saturday,Economy,NYC,TRUE
T0323,R017,D039,16.1,14.08,Sunday,Premium,Chicago,TRUE
T0324,R017,D094,4.7,10.86,Wednesday,Premium,NYC,TRUE
T0325,R017,D031,14.5,15.07,Tuesday,Plus,Chicago,TRUE
T0326,R017,D094,11.7,18.04,Saturday,XL,London,TRUE
T0327,R017,D073,1.2,11.55,Monday,XL,Chicago,TRUE
T0328,R017,D036,5.9,6.81,Sunday,XL,Chicago,TRUE
T0329,R017,D098,9.9,14.28,Wednesday,Economy,NYC,TRUE
T0330,R017,D022,18.6,12.21,Saturday,Premium,London,TRUE
T0331,R017,D044,19.9,18.86,Tuesday,Premium,Chicago,TRUE
T0332,R017,D041,5,8.61,Thursday,Premium,NYC,TRUE
T0333,R017,D092,11.4,16.65,Friday,Premium,Chicago,TRUE
T0334,R017,D093,13.3,16.28,Tuesday,XL,NYC,TRUE
T0335,R017,D043,18.1,15.15,Sunday,Premium,NYC,TRUE
T0336,R017,D039,14.9,13.28,Tuesday,XL,Chicago,TRUE
T0337,R017,D037,12.6,13.97,Thursday,XL,Chicago,TRUE
T0338,R017,D033,5.3,18,Friday,XL,NYC,TRUE
T0339,R017,D083,18.4,12.43,Friday,Plus,Chicago,TRUE
T0340,R017,D012,16.3,19.7,Wednesday,Premium,NYC,TRUE
T0341,R018,D098,6.9,6.04,Wednesday,Plus,Chicago,TRUE
T0342,R018,D021,5.3,13.34,Sunday,Premium,Chicago,TRUE
T0343,R018,D081,13.5,7.84,Thursday,Economy,NYC,TRUE
T0344,R018,D076,15,9.45,Friday,XL,NYC,TRUE
T0345,R018,D094,9.8,17.62,Sunday,XL,Chicago,TRUE
T0346,R018,D035,17.4,8.08,Sunday,Premium,Chicago,TRUE
T0347,R018,D030,13.8,13.74,Friday,Plus,London,TRUE
T0348,R018,D089,4.1,10.94,Monday,Economy,Chicago,TRUE
T0349,R018,D050,1.2,9.58,Monday,XL,NYC,TRUE
T0350,R018,D047,17.5,12.08,Thursday,Economy,London,TRUE
T0351,R018,D067,2.9,16.15,Monday,Premium,Chicago,TRUE
T0352,R018,D082,6.9,19.65,Tuesday,Plus,Chicago,TRUE
T0353,R018,D096,9.3,7.34,Thursday,Economy,London,TRUE
T0354,R018,D081,12.7,6.94,Friday,Premium,NYC,TRUE
T0355,R018,D042,7.4,13.71,Thursday,XL,London,TRUE
T0356,R018,D040,12,7.06,Monday,Plus,NYC,TRUE
T0357,R018,D042,16.8,8.03,Sunday,Premium,London,TRUE
T0358,R018,D096,7.4,10.12,Tuesday,XL,London,TRUE
T0359,R018,D026,8.3,8.99,Thursday,XL,NYC,TRUE
T0360,R018,D013,12.5,15.82,Tuesday,XL,London,TRUE
T0361,R019,D020,10.4,15.43,Wednesday,Economy,London,TRUE
T0362,R019,D020,3.1,16.91,Friday,XL,NYC,TRUE
T0363,R019,D093,17.1,9.12,Saturday,Economy,London,TRUE
T0364,R019,D084,9.5,7.73,Thursday,XL,Chicago,TRUE
T0365,R019,D094,15.3,11.94,Wednesday,XL,Chicago,TRUE
T0366,R019,D041,16.1,13.26,Tuesday,Economy,London,TRUE
T0367,R019,D008,8.4,14.34,Monday,Premium,London,TRUE
T0368,R019,D039,1.3,12.24,Saturday,Premium,London,TRUE
T0369,R019,D074,15.1,6.95,Monday,Economy,Chicago,TRUE
T0370,R019,D081,2.3,18.26,Saturday,XL,London,TRUE
T0371,R019,D063,11.1,19.87,Friday,Economy,NYC,TRUE
T0372,R019,D082,3.3,17.93,Saturday,XL,London,TRUE
T0373,R019,D011,13.8,17.78,Monday,Economy,NYC,TRUE
T0374,R019,D002,2.1,10.66,Saturday,Economy,Chicago,TRUE
T0375,R019,D019,16.2,14.26,Tuesday,XL,Chicago,TRUE
T0376,R019,D077,13.6,12.78,Monday,Premium,Chicago,TRUE
T0377,R019,D013,5.6,5.55,Wednesday,XL,London,TRUE
T0378,R019,D031,4,16.15,Thursday,Plus,London,TRUE
T0379,R019,D030,2.1,17.64,Thursday,Economy,London,TRUE
T0380,R019,D022,1.3,5.74,Thursday,Premium,London,TRUE
T0381,R020,D094,16.8,18.4,Wednesday,Plus,Chicago,TRUE
T0382,R020,D074,6,10.67,Monday,XL,NYC,TRUE
T0383,R020,D016,2.1,15.43,Tuesday,Economy,London,TRUE
T0384,R020,D069,7.6,15.76,Friday,Premium,NYC,TRUE
T0385,R020,D036,12,15.24,Tuesday,Economy,NYC,TRUE
T0386,R020,D050,16.3,9.51,Thursday,XL,Chicago,TRUE
T0387,R020,D033,7.5,9.54,Thursday,XL,NYC,TRUE
T0388,R020,D080,3.6,12.14,Tuesday,Plus,NYC,TRUE
T0389,R020,D028,15.7,5.73,Wednesday,Premium,London,TRUE
T0390,R020,D049,17.7,12.37,Thursday,Plus,Chicago,TRUE
T0391,R020,D012,19.8,13.83,Wednesday,XL,Chicago,TRUE
T0392,R020,D053,13.4,8.52,Friday,XL,Chicago,TRUE
T0393,R020,D028,5.8,19.47,Wednesday,Plus,Chicago,TRUE
T0394,R020,D066,13.2,7.4,Wednesday,XL,London,TRUE
T0395,R020,D050,9.6,13.63,Monday,Premium,London,TRUE
T0396,R020,D076,4.7,11.31,Tuesday,Economy,NYC,TRUE
T0397,R020,D047,12.5,6.84,Wednesday,Economy,Chicago,TRUE
T0398,R020,D051,19.5,10.46,Sunday,XL,London,TRUE
T0399,R020,D006,4.8,19.98,Wednesday,Plus,Chicago,TRUE
T0400,R020,D080,9.3,16.97,Wednesday,XL,Chicago,TRUE
T0401,R021,D015,7.5,10.25,Friday,Plus,London,TRUE
T0402,R021,D019,1.6,19.05,Thursday,XL,London,TRUE
T0403,R021,D059,2.9,15.7,Sunday,Plus,London,TRUE
T0404,R021,D003,9,12.43,Sunday,Economy,Chicago,TRUE
T0405,R021,D097,1.9,17.18,Tuesday,Premium,London,TRUE
T0406,R021,D033,1.5,14.82,Thursday,Economy,London,TRUE
T0407,R021,D048,4.3,10.41,Friday,Premium,NYC,TRUE
T0408,R021,D075,8.2,12.08,Monday,XL,Chicago,TRUE
T0409,R021,D100,12.2,13.98,Tuesday,Premium,London,TRUE
T0410,R021,D045,7.4,15.89,Thursday,Economy,Chicago,TRUE
T0411,R021,D010,10.4,10.34,Sunday,Premium,Chicago,TRUE
T0412,R021,D042,15.3,13.8,Tuesday,Plus,London,TRUE
T0413,R021,D024,4.2,12.75,Tuesday,Economy,London,TRUE
T0414,R021,D092,17,13.9,Wednesday,Plus,London,TRUE
T0415,R021,D018,7.1,18.32,Saturday,XL,NYC,TRUE
T0416,R021,D081,5.4,18.01,Saturday,Premium,NYC,TRUE
T0417,R021,D084,6.9,17.47,Wednesday,XL,Chicago,TRUE
T0418,R021,D059,16,7.43,Tuesday,Premium,Chicago,TRUE
T0419,R021,D009,5.8,9.97,Monday,Plus,London,TRUE
T0420,R021,D053,18.5,18.89,Friday,Plus,NYC,TRUE
T0421,R022,D011,3.8,18.88,Saturday,Plus,Chicago,TRUE
T0422,R022,D008,5.1,14.55,Tuesday,Economy,London,TRUE
T0423,R022,D005,12.9,16.89,Friday,Premium,NYC,TRUE
T0424,R022,D029,5.9,13.58,Tuesday,Economy,NYC,TRUE
T0425,R022,D050,14.4,5.59,Wednesday,XL,NYC,TRUE
T0426,R022,D070,15.1,9.31,Friday,XL,NYC,TRUE
T0427,R022,D074,6,12.21,Thursday,Economy,NYC,TRUE
T0428,R022,D026,11.9,11.52,Sunday,XL,Chicago,TRUE
T0429,R022,D073,18.4,18.99,Monday,XL,London,TRUE
T0430,R022,D011,14.5,14.69,Thursday,Economy,Chicago,TRUE
T0431,R022,D006,17,5.01,Saturday,Premium,Chicago,TRUE
T0432,R022,D096,18.5,5.29,Sunday,XL,NYC,TRUE
T0433,R022,D076,6.6,9.45,Wednesday,Plus,Chicago,TRUE
T0434,R022,D083,13.4,9.11,Wednesday,Economy,NYC,TRUE
T0435,R022,D091,3.7,17.44,Monday,Plus,Chicago,TRUE
T0436,R022,D056,17.2,15.82,Wednesday,XL,NYC,TRUE
T0437,R022,D096,13.7,15.21,Monday,Plus,Chicago,TRUE
T0438,R022,D027,14.9,10.76,Wednesday,Economy,London,TRUE
T0439,R022,D094,7,7.78,Saturday,Economy,Chicago,TRUE
T0440,R022,D068,13.7,8.18,Sunday,Economy,NYC,TRUE
T0441,R023,D088,9.8,15.56,Wednesday,Premium,Chicago,TRUE
T0442,R023,D028,13.4,8.94,Tuesday,Premium,London,TRUE
T0443,R023,D067,15.9,8.4,Thursday,Economy,NYC,TRUE
T0444,R023,D040,18.1,13.9,Monday,Plus,Chicago,TRUE
T0445,R023,D006,11,7.21,Saturday,Premium,London,TRUE
T0446,R023,D036,4,5.77,Sunday,Premium,London,TRUE
T0447,R023,D055,6.1,5.21,Tuesday,Premium,Chicago,TRUE
T0448,R023,D094,3.6,17.12,Sunday,Premium,London,TRUE
T0449,R023,D048,5.5,17.04,Tuesday,Plus,Chicago,TRUE
T0450,R023,D010,14.7,5.23,Tuesday,Premium,Chicago,TRUE
T0451,R023,D025,12.9,13.93,Tuesday,Premium,NYC,TRUE
T0452,R023,D038,9.6,9.61,Tuesday,Premium,NYC,TRUE
T0453,R023,D100,13.1,14.09,Wednesday,Plus,London,TRUE
T0454,R023,D025,11.1,8.23,Thursday,Economy,NYC,TRUE
T0455,R023,D004,7.3,19.22,Friday,XL,Chicago,TRUE
T0456,R023,D079,15.6,6.59,Friday,Economy,Chicago,TRUE
T0457,R023,D052,13.1,6.79,Monday,XL,London,TRUE
T0458,R023,D022,15.7,7.11,Friday,Plus,NYC,TRUE
T0459,R023,D024,4.4,9.39,Wednesday,Economy,Chicago,TRUE
T0460,R023,D039,8.5,13.98,Wednesday,Economy,London,TRUE
T0461,R024,D047,19.3,8.14,Tuesday,Premium,London,TRUE
T0462,R024,D060,8.2,11.78,Thursday,Premium,London,TRUE
T0463,R024,D063,2.5,11.79,Friday,XL,Chicago,TRUE
T0464,R024,D037,11.1,10.73,Saturday,XL,NYC,TRUE
T0465,R024,D046,19,19.81,Monday,XL,Chicago,TRUE
T0466,R024,D054,17.3,5.15,Friday,XL,Chicago,TRUE
T0467,R024,D047,11.4,17.98,Thursday,Premium,NYC,TRUE
T0468,R024,D079,13.6,6.39,Saturday,Economy,NYC,TRUE
T0469,R024,D016,10.5,7.73,Friday,Plus,London,TRUE
T0470,R024,D019,18.6,11.72,Tuesday,Economy,Chicago,TRUE
T0471,R024,D072,2.7,15.94,Friday,Premium,Chicago,TRUE
T0472,R024,D031,10.4,7.85,Friday,XL,London,TRUE
T0473,R024,D037,15.9,7.09,Tuesday,Premium,NYC,TRUE
T0474,R024,D048,17.5,8.19,Tuesday,Plus,NYC,TRUE
T0475,R024,D060,18.1,7.53,Saturday,Premium,Chicago,TRUE
T0476,R024,D062,16.4,17.8,Sunday,Economy,London,TRUE
T0477,R024,D080,3.9,16.1,Monday,Premium,London,TRUE
T0478,R024,D009,14.9,13.55,Friday,Economy,NYC,TRUE
T0479,R024,D011,15.4,17.83,Friday,Economy,London,TRUE
T0480,R024,D043,13.6,7.22,Tuesday,Plus,London,TRUE
T0481,R025,D030,18.3,10.66,Monday,Plus,NYC,TRUE
T0482,R025,D061,8.4,9.79,Tuesday,Plus,Chicago,TRUE
T0483,R025,D074,19.2,5.45,Thursday,Plus,Chicago,TRUE
T0484,R025,D055,9.7,10.82,Tuesday,Economy,Chicago,TRUE
T0485,R025,D061,4.7,15.64,Sunday,XL,Chicago,TRUE
T0486,R025,D034,12.2,8.72,Monday,Premium,NYC,TRUE
T0487,R025,D057,4,14.72,Friday,Premium,London,TRUE
T0488,R025,D038,10.9,7.51,Wednesday,XL,NYC,TRUE
T0489,R025,D084,8.8,16.59,Wednesday,Plus,London,TRUE
T0490,R025,D063,16.7,12.19,Wednesday,XL,NYC,TRUE
T0491,R025,D046,11.7,5.91,Thursday,Economy,NYC,TRUE
T0492,R025,D078,9.7,16.56,Tuesday,Premium,NYC,TRUE
T0493,R025,D070,4.7,18.16,Saturday,Economy,NYC,TRUE
T0494,R025,D018,10,13.85,Tuesday,Plus,Chicago,TRUE
T0495,R025,D002,5.4,14.15,Friday,Plus,Chicago,TRUE
T0496,R025,D072,7,11.31,Thursday,XL,London,TRUE
T0497,R025,D075,17.5,5.73,Friday,XL,NYC,TRUE
T0498,R025,D021,9.5,14.76,Thursday,Economy,NYC,TRUE
T0499,R025,D057,9.2,12.53,Tuesday,Economy,Chicago,TRUE
T0500,R025,D071,10,16.8,Friday,Premium,Chicago,TRUE
T0501,R026,D087,16.8,13.21,Monday,XL,London,TRUE
T0502,R026,D072,1.2,11.66,Friday,Plus,Chicago,TRUE
T0503,R026,D059,6.9,17.57,Tuesday,Economy,London,TRUE
T0504,R026,D074,2.6,15.14,Sunday,Economy,London,TRUE
T0505,R026,D037,16.6,5.77,Wednesday,XL,Chicago,TRUE
T0506,R026,D081,10,6.89,Sunday,XL,Chicago,TRUE
T0507,R026,D055,11.1,17.4,Friday,Economy,Chicago,TRUE
T0508,R026,D006,8.5,11.02,Thursday,XL,Chicago,TRUE
T0509,R026,D040,9.6,12.58,Friday,Plus,NYC,TRUE
T0510,R026,D006,3.2,10.06,Monday,Plus,Chicago,TRUE
T0511,R026,D028,1.6,14.36,Thursday,XL,London,TRUE
T0512,R026,D032,1.4,13.66,Saturday,Plus,Chicago,TRUE
T0513,R026,D049,2.5,8.33,Sunday,Economy,London,TRUE
T0514,R026,D099,7.9,14.59,Wednesday,Premium,Chicago,TRUE
T0515,R026,D092,15.5,10.35,Tuesday,Premium,Chicago,TRUE
T0516,R026,D084,15.1,11.76,Wednesday,Economy,Chicago,TRUE
T0517,R026,D065,2.9,11.01,Wednesday,Premium,London,TRUE
T0518,R026,D069,19.3,8.33,Saturday,Premium,Chicago,TRUE
T0519,R026,D075,3.7,8.72,Monday,Premium,NYC,TRUE
T0520,R026,D047,10.2,7.64,Wednesday,Economy,Chicago,TRUE
T0521,R027,D020,11.7,11.48,Tuesday,XL,Chicago,TRUE
T0522,R027,D002,18.7,14.15,Thursday,XL,Chicago,TRUE
T0523,R027,D062,16.6,11.14,Saturday,Premium,NYC,TRUE
T0524,R027,D063,11.1,18.69,Monday,Premium,NYC,TRUE
T0525,R027,D062,8.3,9.22,Sunday,Plus,London,TRUE
T0526,R027,D010,11.4,8.23,Sunday,Premium,Chicago,TRUE
T0527,R027,D059,16.1,13.29,Sunday,Premium,London,TRUE
T0528,R027,D049,12.9,10.25,Tuesday,XL,NYC,TRUE
T0529,R027,D007,3,19.07,Wednesday,XL,NYC,TRUE
T0530,R027,D061,4.6,14.44,Monday,Economy,NYC,TRUE
T0531,R027,D038,17,11.55,Friday,Premium,NYC,TRUE
T0532,R027,D036,10.1,9.34,Wednesday,XL,Chicago,TRUE
T0533,R027,D023,15.8,5.55,Sunday,Premium,Chicago,TRUE
T0534,R027,D034,16.5,13.23,Sunday,Premium,NYC,TRUE
T0535,R027,D088,6.6,9.81,Tuesday,Plus,NYC,TRUE
T0536,R027,D004,5.3,12.22,Tuesday,Economy,NYC,TRUE
T0537,R027,D054,12.8,17.14,Thursday,XL,London,TRUE
T0538,R027,D029,8.1,8.28,Tuesday,Premium,London,TRUE
T0539,R027,D058,17.8,6.34,Wednesday,Economy,London,TRUE
T0540,R027,D087,3.4,16.96,Thursday,XL,Chicago,TRUE
T0541,R028,D075,4,7.62,Monday,Premium,Chicago,TRUE
T0542,R028,D097,13.1,17.02,Saturday,Premium,Chicago,TRUE
T0543,R028,D056,4.5,5.55,Monday,XL,NYC,TRUE
T0544,R028,D051,13.6,17.71,Friday,XL,London,TRUE
T0545,R028,D050,10.7,17.32,Saturday,XL,NYC,TRUE
T0546,R028,D048,15.1,18.46,Thursday,Plus,Chicago,TRUE
T0547,R028,D003,7.4,10.61,Sunday,Premium,London,TRUE
T0548,R028,D033,3.1,9.59,Wednesday,Economy,NYC,TRUE
T0549,R028,D094,8.6,18.78,Sunday,XL,Chicago,TRUE
T0550,R028,D034,11.3,9.82,Tuesday,XL,London,TRUE
T0551,R028,D066,15.1,18.88,Wednesday,XL,NYC,TRUE
T0552,R028,D064,4.3,14.05,Saturday,XL,Chicago,TRUE
T0553,R028,D040,12.1,13.72,Sunday,XL,London,TRUE
T0554,R028,D058,10.5,16.04,Wednesday,Plus,NYC,TRUE
T0555,R028,D020,18.8,11,Sunday,Premium,London,TRUE
T0556,R028,D078,18.3,10.51,Monday,Premium,Chicago,TRUE
T0557,R028,D025,3.9,11.47,Wednesday,Premium,London,TRUE
T0558,R028,D071,6.8,10.04,Thursday,Plus,London,TRUE
T0559,R028,D040,14.3,15.47,Wednesday,Plus,Chicago,TRUE
T0560,R028,D061,15.5,9.02,Friday,XL,NYC,TRUE
T0561,R029,D099,10.7,17.8,Sunday,Plus,NYC,TRUE
T0562,R029,D095,5.3,18.96,Thursday,Premium,NYC,TRUE
T0563,R029,D022,4.2,11.97,Sunday,Plus,Chicago,TRUE
T0564,R029,D080,7,5.09,Sunday,Premium,London,TRUE
T0565,R029,D086,1.9,19.11,Friday,Plus,London,TRUE
T0566,R029,D093,13.7,11.5,Wednesday,Economy,London,TRUE
T0567,R029,D056,15.2,17.5,Sunday,Plus,Chicago,TRUE
T0568,R029,D033,5.7,12.73,Sunday,Economy,London,TRUE
T0569,R029,D064,9.9,12.2,Saturday,Premium,NYC,TRUE
T0570,R029,D053,1.8,7.17,Friday,Economy,London,TRUE
T0571,R029,D031,2.9,5.87,Thursday,XL,Chicago,TRUE
T0572,R029,D046,18,14.75,Saturday,Plus,London,TRUE
T0573,R029,D072,12.7,10.6,Thursday,XL,London,TRUE
T0574,R029,D024,13.2,5.37,Thursday,Premium,NYC,TRUE
T0575,R029,D060,9.8,6.12,Monday,Economy,Chicago,TRUE
T0576,R029,D030,6.3,17.45,Tuesday,Economy,Chicago,TRUE
T0577,R029,D023,19,16.01,Saturday,Premium,Chicago,TRUE
T0578,R029,D096,1.4,5.72,Tuesday,Economy,NYC,TRUE
T0579,R029,D017,4.4,15.88,Sunday,XL,NYC,TRUE
T0580,R029,D090,19.5,5.21,Sunday,Plus,NYC,TRUE
T0581,R030,D059,16.2,14.16,Thursday,XL,NYC,TRUE
T0582,R030,D057,20,8.34,Friday,Plus,Chicago,TRUE
T0583,R030,D043,6,14.31,Wednesday,Economy,NYC,TRUE
T0584,R030,D023,12.1,13.47,Thursday,Economy,NYC,TRUE
T0585,R030,D090,2.4,12.61,Monday,Premium,London,TRUE
T0586,R030,D100,16.2,8.86,Wednesday,XL,NYC,TRUE
T0587,R030,D045,17.7,10.38,Sunday,XL,London,TRUE
T0588,R030,D008,17.9,9.32,Thursday,Economy,Chicago,TRUE
T0589,R030,D079,1.2,7.85,Monday,XL,London,TRUE
T0590,R030,D036,5.6,14.46,Thursday,XL,Chicago,TRUE
T0591,R030,D067,12.5,5.16,Monday,Plus,Chicago,TRUE
T0592,R030,D039,7.9,7.17,Monday,Economy,NYC,TRUE
T0593,R030,D033,14.5,12.64,Tuesday,Economy,NYC,TRUE
T0594,R030,D038,1.8,11.99,Monday,Plus,NYC,TRUE
T0595,R030,D090,13.5,12.82,Monday,Premium,Chicago,TRUE
T0596,R030,D028,5.4,15.36,Wednesday,Premium,Chicago,TRUE
T0597,R030,D090,6.2,20,Wednesday,XL,London,TRUE
T0598,R030,D081,14.9,19.23,Wednesday,XL,Chicago,TRUE
T0599,R030,D087,4.4,19.29,Sunday,Premium,NYC,TRUE
T0600,R030,D053,8.3,15.26,Thursday,Plus,London,TRUE
T0601,R031,D010,14,16.04,Thursday,Plus,NYC,TRUE
T0602,R031,D041,8.9,19.35,Tuesday,Economy,NYC,TRUE
T0603,R031,D008,11.3,8.11,Friday,Premium,Chicago,TRUE
T0604,R031,D001,9.6,15.12,Saturday,XL,London,TRUE
T0605,R031,D080,3.4,6.47,Monday,Premium,London,TRUE
T0606,R031,D066,1.6,12.48,Friday,Premium,Chicago,TRUE
T0607,R031,D078,4.1,16.37,Saturday,Premium,London,TRUE
T0608,R031,D012,16.2,5.18,Wednesday,XL,NYC,TRUE
T0609,R031,D090,3.7,7.4,Wednesday,XL,London,TRUE
T0610,R031,D072,2.4,6.66,Sunday,Plus,London,TRUE
T0611,R031,D041,1.5,17.04,Monday,Plus,NYC,TRUE
T0612,R031,D008,8.9,10.62,Friday,Premium,NYC,TRUE
T0613,R031,D057,17.2,14.46,Wednesday,Premium,Chicago,TRUE
T0614,R031,D073,7.3,16.43,Thursday,XL,NYC,TRUE
T0615,R031,D052,9.4,8.73,Friday,Premium,London,TRUE
T0616,R031,D097,8.9,10.6,Wednesday,Plus,NYC,TRUE
T0617,R031,D067,7.7,10.09,Friday,XL,London,TRUE
T0618,R031,D040,18.6,15.6,Wednesday,Premium,NYC,TRUE
T0619,R031,D002,18.7,13.57,Sunday,Premium,NYC,TRUE
T0620,R031,D065,6.3,7.16,Wednesday,Premium,NYC,TRUE
T0621,R032,D073,14.9,9.45,Saturday,XL,Chicago,TRUE
T0622,R032,D007,5.1,10.88,Thursday,Economy,Chicago,TRUE
T0623,R032,D077,18.9,12.83,Wednesday,Plus,NYC,TRUE
T0624,R032,D029,2.2,13.79,Monday,Economy,London,TRUE
T0625,R032,D020,19.8,9.64,Thursday,Premium,Chicago,TRUE
T0626,R032,D078,5,10.39,Saturday,Plus,NYC,TRUE
T0627,R032,D080,7.1,18.94,Wednesday,Plus,Chicago,TRUE
T0628,R032,D007,3.3,13.17,Friday,XL,NYC,TRUE
T0629,R032,D100,12.1,13.84,Tuesday,XL,NYC,TRUE
T0630,R032,D045,13.5,8.77,Sunday,Premium,Chicago,TRUE
T0631,R032,D076,19.9,10.83,Saturday,Plus,NYC,TRUE
T0632,R032,D025,4.7,14.69,Tuesday,Premium,Chicago,TRUE
T0633,R032,D091,16.5,10.48,Friday,Economy,NYC,TRUE
T0634,R032,D013,12.8,12.02,Tuesday,Premium,London,TRUE
T0635,R032,D084,19.7,7.66,Monday,Premium,NYC,TRUE
T0636,R032,D010,9.4,12.22,Tuesday,XL,London,TRUE
T0637,R032,D094,14.8,18.97,Friday,Plus,Chicago,TRUE
T0638,R032,D041,2.4,5.38,Thursday,XL,London,TRUE
T0639,R032,D012,13,10.75,Friday,Economy,NYC,TRUE
T0640,R032,D008,5.1,8.75,Saturday,Premium,London,TRUE
T0641,R033,D071,18.5,13.66,Saturday,Premium,NYC,TRUE
T0642,R033,D015,16.4,6.02,Wednesday,Plus,London,TRUE
T0643,R033,D083,17.3,14.76,Sunday,Plus,NYC,TRUE
T0644,R033,D049,16.5,5.81,Monday,Economy,Chicago,TRUE
T0645,R033,D039,8.9,9.37,Tuesday,XL,London,TRUE
T0646,R033,D087,19.6,9.66,Monday,Economy,Chicago,TRUE
T0647,R033,D035,10.5,11.63,Tuesday,Plus,NYC,TRUE
T0648,R033,D006,10.5,11.54,Tuesday,Plus,Chicago,TRUE
T0649,R033,D071,7.5,19.88,Thursday,Plus,Chicago,TRUE
T0650,R033,D004,2.3,14.17,Saturday,Premium,Chicago,TRUE
T0651,R033,D074,18.2,9.73,Thursday,XL,Chicago,TRUE
T0652,R033,D081,5.2,17.94,Friday,Plus,NYC,TRUE
T0653,R033,D048,6.7,10.07,Sunday,Economy,Chicago,TRUE
T0654,R033,D008,13.5,15.07,Monday,Economy,Chicago,TRUE
T0655,R033,D053,11.8,18.49,Monday,XL,NYC,TRUE
T0656,R033,D067,19.5,17.66,Sunday,XL,Chicago,TRUE
T0657,R033,D053,3,6.34,Tuesday,Premium,Chicago,TRUE
T0658,R033,D014,11.3,9.49,Saturday,Plus,London,TRUE
T0659,R033,D028,18.4,12.96,Monday,XL,NYC,TRUE
T0660,R033,D006,17.6,10.69,Thursday,Premium,NYC,TRUE
T0661,R034,D009,18.2,17.68,Friday,Plus,London,TRUE
T0662,R034,D033,15.8,17.92,Thursday,Economy,Chicago,TRUE
T0663,R034,D046,4.2,15.22,Thursday,Premium,Chicago,TRUE
T0664,R034,D064,3.3,12.51,Monday,Economy,NYC,TRUE
T0665,R034,D019,3.2,17.01,Monday,Economy,NYC,TRUE
T0666,R034,D098,9.2,5.7,Monday,Plus,London,TRUE
T0667,R034,D001,15.8,8.93,Tuesday,XL,London,TRUE
T0668,R034,D092,18.2,7.98,Tuesday,Premium,NYC,TRUE
T0669,R034,D052,9.1,17.24,Thursday,Economy,London,TRUE
T0670,R034,D094,16.4,17.65,Thursday,Premium,London,TRUE
T0671,R034,D068,9.9,17.49,Tuesday,Economy,London,TRUE
T0672,R034,D090,13.9,9.06,Saturday,XL,London,TRUE
T0673,R034,D075,15.4,5.29,Monday,Premium,NYC,TRUE
T0674,R034,D005,14,14.46,Friday,Plus,London,TRUE
T0675,R034,D100,17.1,16.22,Tuesday,Economy,London,TRUE
T0676,R034,D019,6.9,12.59,Sunday,Plus,Chicago,TRUE
T0677,R034,D035,4.5,10.47,Sunday,XL,Chicago,TRUE
T0678,R034,D033,2.8,9.65,Sunday,Plus,NYC,TRUE
T0679,R034,D069,1.3,10.39,Thursday,XL,London,TRUE
T0680,R034,D061,18.1,10.44,Wednesday,XL,NYC,TRUE
T0681,R035,D023,16.1,13.08,Monday,Plus,London,TRUE
T0682,R035,D041,2.5,14.79,Monday,Plus,NYC,TRUE
T0683,R035,D089,2.9,11.05,Friday,Plus,London,TRUE
T0684,R035,D063,4.3,13.75,Thursday,Premium,Chicago,TRUE
T0685,R035,D049,11,15.44,Saturday,Economy,Chicago,TRUE
T0686,R035,D085,15,18.37,Monday,Premium,NYC,TRUE
T0687,R035,D069,3.2,19.22,Friday,Premium,NYC,TRUE
T0688,R035,D064,3,11.31,Tuesday,XL,Chicago,TRUE
T0689,R035,D076,11.5,14.55,Wednesday,Plus,NYC,TRUE
T0690,R035,D002,6.5,7.67,Thursday,Plus,NYC,TRUE
T0691,R035,D018,9.4,6.2,Monday,Premium,NYC,TRUE
T0692,R035,D004,3.3,13.49,Monday,Plus,NYC,TRUE
T0693,R035,D087,18.5,17.25,Thursday,Plus,Chicago,TRUE
T0694,R035,D072,14.9,16.4,Saturday,Economy,NYC,TRUE
T0695,R035,D065,9.8,13.58,Thursday,Economy,London,TRUE
T0696,R035,D075,13.8,19.83,Saturday,Premium,NYC,TRUE
T0697,R035,D011,6.5,19.93,Saturday,XL,London,TRUE
T0698,R035,D079,13.6,9.82,Monday,XL,NYC,TRUE
T0699,R035,D079,8.1,7.58,Thursday,XL,NYC,TRUE
T0700,R035,D057,13.7,10.58,Thursday,Plus,NYC,TRUE
T0701,R036,D056,8.8,13.08,Saturday,XL,NYC,TRUE
T0702,R036,D015,14.5,17.17,Tuesday,Economy,London,TRUE
T0703,R036,D079,6.3,15.48,Tuesday,Economy,London,TRUE
T0704,R036,D052,15,18.5,Saturday,Plus,Chicago,TRUE
T0705,R036,D061,11.9,15.85,Monday,Plus,NYC,TRUE
T0706,R036,D089,1.5,8.83,Tuesday,Economy,NYC,TRUE
T0707,R036,D036,7.9,9.63,Friday,Plus,Chicago,TRUE
T0708,R036,D003,9.4,16.2,Thursday,Plus,Chicago,TRUE
T0709,R036,D007,8.7,8.08,Saturday,XL,Chicago,TRUE
T0710,R036,D068,11.4,9.29,Tuesday,Economy,NYC,TRUE
T0711,R036,D053,17.4,18.48,Thursday,Premium,London,TRUE
T0712,R036,D024,15.5,7.52,Tuesday,Premium,NYC,TRUE
T0713,R036,D068,2.2,7.15,Saturday,Plus,Chicago,TRUE
T0714,R036,D067,3.2,16,Saturday,Plus,London,TRUE
T0715,R036,D011,6.9,13.14,Tuesday,XL,London,TRUE
T0716,R036,D074,6.9,13.14,Saturday,Premium,NYC,TRUE
T0717,R036,D093,14.9,15.55,Tuesday,Economy,Chicago,TRUE
T0718,R036,D087,3.7,14.77,Saturday,Plus,London,TRUE
T0719,R036,D005,19.6,16.42,Monday,Plus,Chicago,TRUE
T0720,R036,D088,17.2,9.21,Friday,Plus,Chicago,TRUE
T0721,R037,D032,12.1,19.76,Sunday,Plus,NYC,TRUE
T0722,R037,D089,18.1,19.46,Thursday,Premium,NYC,TRUE
T0723,R037,D011,1.2,5.42,Wednesday,Economy,London,TRUE
T0724,R037,D074,15.9,16.21,Sunday,XL,Chicago,TRUE
T0725,R037,D079,18.2,10.5,Saturday,Premium,NYC,TRUE
T0726,R037,D060,3.1,10.31,Wednesday,XL,London,TRUE
T0727,R037,D031,9.9,5.29,Friday,Economy,Chicago,TRUE
T0728,R037,D074,13.8,16.38,Sunday,Plus,NYC,TRUE
T0729,R037,D045,9.8,7.36,Friday,XL,NYC,TRUE
T0730,R037,D059,17.6,6.68,Tuesday,Plus,London,TRUE
T0731,R037,D024,8.6,15.71,Monday,Economy,London,TRUE
T0732,R037,D035,11.8,11.68,Saturday,XL,NYC,TRUE
T0733,R037,D010,13.4,5.39,Sunday,Premium,NYC,TRUE
T0734,R037,D064,6.4,18.8,Monday,Plus,London,TRUE
T0735,R037,D072,17.9,16.77,Friday,Premium,London,TRUE
T0736,R037,D044,3.6,11.38,Sunday,XL,Chicago,TRUE
T0737,R037,D042,11.6,6.94,Tuesday,Economy,NYC,TRUE
T0738,R037,D032,5.8,17.28,Saturday,XL,NYC,TRUE
T0739,R037,D039,2.4,15.75,Saturday,XL,London,TRUE
T0740,R037,D007,15.5,11.18,Saturday,Premium,NYC,TRUE
T0741,R038,D038,12.5,7.62,Thursday,XL,NYC,TRUE
T0742,R038,D017,7.3,5.16,Tuesday,Plus,Chicago,TRUE
T0743,R038,D084,18.3,10.11,Wednesday,Plus,London,TRUE
T0744,R038,D033,12.2,7.84,Friday,Plus,London,TRUE
T0745,R038,D074,19,13.44,Monday,Premium,NYC,TRUE
T0746,R038,D074,18.1,13.82,Friday,Plus,London,TRUE
T0747,R038,D002,8.4,9.23,Saturday,XL,Chicago,TRUE
T0748,R038,D079,14.7,18.89,Sunday,Premium,London,TRUE
T0749,R038,D087,16.7,15.56,Saturday,XL,Chicago,TRUE
T0750,R038,D099,18.4,9.15,Monday,XL,NYC,TRUE
T0751,R038,D066,3.5,15.73,Monday,Premium,NYC,TRUE
T0752,R038,D070,1.8,14.13,Tuesday,XL,London,TRUE
T0753,R038,D059,19.8,11.12,Monday,XL,Chicago,TRUE
T0754,R038,D047,8.4,7.51,Sunday,Premium,London,TRUE
T0755,R038,D009,14.5,5.37,Tuesday,Plus,NYC,TRUE
T0756,R038,D023,11,7.32,Wednesday,Plus,NYC,TRUE
T0757,R038,D025,8.4,13.8,Tuesday,Plus,London,TRUE
T0758,R038,D015,14.7,8.28,Wednesday,Economy,Chicago,TRUE
T0759,R038,D086,17.7,5.67,Sunday,Economy,NYC,TRUE
T0760,R038,D072,3.3,18.72,Saturday,Plus,NYC,TRUE
T0761,R039,D093,8,18.05,Tuesday,Economy,London,TRUE
T0762,R039,D021,16,17.4,Sunday,Plus,London,TRUE
T0763,R039,D048,5.1,14.15,Monday,Economy,NYC,TRUE
T0764,R039,D073,12.8,15.85,Thursday,Economy,NYC,TRUE
T0765,R039,D098,8.2,16.95,Saturday,Plus,NYC,TRUE
T0766,R039,D043,12.5,18.02,Tuesday,Premium,London,TRUE
T0767,R039,D056,11.7,15.51,Friday,XL,NYC,TRUE
T0768,R039,D075,14.2,10.03,Saturday,Premium,London,TRUE
T0769,R039,D004,16.5,12.46,Tuesday,Premium,Chicago,TRUE
T0770,R039,D071,9.6,16.64,Wednesday,Economy,NYC,TRUE
T0771,R039,D056,8,11.29,Sunday,Premium,Chicago,TRUE
T0772,R039,D050,16.6,13.75,Thursday,Plus,Chicago,TRUE
T0773,R039,D011,10.7,9.51,Saturday,XL,NYC,TRUE
T0774,R039,D097,15.1,7.21,Tuesday,Economy,London,TRUE
T0775,R039,D075,17.1,9.13,Friday,Plus,Chicago,TRUE
T0776,R039,D060,9.4,8.04,Tuesday,Premium,Chicago,TRUE
T0777,R039,D085,8.7,8.38,Wednesday,Economy,NYC,TRUE
T0778,R039,D074,17.2,12.8,Sunday,Premium,Chicago,TRUE
T0779,R039,D067,14.8,18.81,Tuesday,XL,NYC,TRUE
T0780,R039,D099,12.7,13.72,Friday,Plus,London,TRUE
T0781,R040,D098,14.3,8.92,Wednesday,XL,London,TRUE
T0782,R040,D058,15.2,10.61,Sunday,XL,London,TRUE
T0783,R040,D040,6,13.45,Saturday,Plus,NYC,TRUE
T0784,R040,D092,6.2,7.39,Friday,Plus,London,TRUE
T0785,R040,D013,4.8,15.06,Monday,Premium,Chicago,TRUE
T0786,R040,D008,18.9,5.27,Monday,Plus,Chicago,TRUE
T0787,R040,D002,6.2,5.19,Thursday,Economy,London,TRUE
T0788,R040,D006,10.5,14.97,Friday,Economy,Chicago,TRUE
T0789,R040,D087,1.7,8.08,Thursday,Premium,NYC,TRUE
T0790,R040,D017,16.2,10.76,Tuesday,Economy,London,TRUE
T0791,R040,D032,8.7,7.39,Friday,Economy,NYC,TRUE
T0792,R040,D078,9.7,15.63,Saturday,Plus,NYC,TRUE
T0793,R040,D071,18.7,14.22,Thursday,Plus,London,TRUE
T0794,R040,D077,8.4,5.92,Tuesday,Premium,NYC,TRUE
T0795,R040,D072,15.2,11.09,Tuesday,Economy,London,TRUE
T0796,R040,D075,15.9,6.58,Monday,XL,NYC,TRUE
T0797,R040,D017,4.9,11.04,Sunday,XL,London,TRUE
T0798,R040,D071,2.1,11.84,Thursday,Premium,NYC,TRUE
T0799,R040,D055,7.3,14.37,Sunday,Plus,NYC,TRUE
T0800,R040,D019,14,6.18,Monday,Plus,London,TRUE
T0801,R041,D015,15.6,10.13,Sunday,Plus,Chicago,TRUE
T0802,R041,D046,13.4,5.36,Monday,Economy,NYC,TRUE
T0803,R041,D014,18.7,10.12,Sunday,Premium,Chicago,TRUE
T0804,R041,D090,1.1,16.75,Sunday,Plus,NYC,TRUE
T0805,R041,D027,8.2,16.12,Sunday,Economy,Chicago,TRUE
T0806,R041,D081,13.2,17.24,Monday,XL,NYC,TRUE
T0807,R041,D033,2.9,5.83,Wednesday,Economy,Chicago,TRUE
T0808,R041,D050,1.3,7.27,Monday,Premium,NYC,TRUE
T0809,R041,D018,3.8,14.8,Monday,Premium,London,TRUE
T0810,R041,D020,15.2,10.89,Tuesday,Premium,London,TRUE
T0811,R041,D091,17.2,7.76,Friday,Premium,London,TRUE
T0812,R041,D042,7.2,6.93,Tuesday,Premium,Chicago,TRUE
T0813,R041,D074,6.1,6.93,Wednesday,Economy,NYC,TRUE
T0814,R041,D053,5.6,14.36,Wednesday,Economy,London,TRUE
T0815,R041,D063,19.2,12.53,Saturday,Premium,Chicago,TRUE
T0816,R041,D073,10.4,12.32,Friday,Plus,Chicago,TRUE
T0817,R041,D031,14.2,18.09,Sunday,Premium,Chicago,TRUE
T0818,R041,D083,18.4,7.88,Sunday,Economy,London,TRUE
T0819,R041,D055,12.6,16.4,Friday,Economy,London,TRUE
T0820,R041,D018,6,8.29,Tuesday,XL,London,TRUE
T0821,R042,D044,18.5,7.35,Friday,XL,Chicago,TRUE
T0822,R042,D092,14.5,7.16,Thursday,Economy,London,TRUE
T0823,R042,D021,1.8,18.3,Thursday,XL,NYC,TRUE
T0824,R042,D029,13,15.03,Wednesday,Economy,NYC,TRUE
T0825,R042,D036,17.2,11.85,Saturday,XL,Chicago,TRUE
T0826,R042,D084,3.3,15.74,Friday,XL,NYC,TRUE
T0827,R042,D023,19.1,15.61,Monday,Plus,London,TRUE
T0828,R042,D042,1.8,14.7,Saturday,XL,London,TRUE
T0829,R042,D069,4.2,18.74,Wednesday,XL,Chicago,TRUE
T0830,R042,D066,1.4,7.99,Tuesday,XL,London,TRUE
T0831,R042,D082,8.4,11.52,Sunday,Plus,Chicago,TRUE
T0832,R042,D076,14.5,5.56,Thursday,Plus,NYC,TRUE
T0833,R042,D062,13.5,7.36,Thursday,XL,Chicago,TRUE
T0834,R042,D064,10.2,15.53,Monday,Economy,London,TRUE
T0835,R042,D077,2.5,16.1,Tuesday,Plus,Chicago,TRUE
T0836,R042,D051,19.4,11.45,Monday,Premium,London,TRUE
T0837,R042,D018,11.6,10.26,Saturday,Economy,NYC,TRUE
T0838,R042,D010,14.6,12.26,Tuesday,XL,Chicago,TRUE
T0839,R042,D073,6.4,5.35,Saturday,XL,London,TRUE
T0840,R042,D099,16.2,17.73,Wednesday,XL,NYC,TRUE
T0841,R043,D093,13,14.79,Thursday,XL,NYC,TRUE
T0842,R043,D086,18.3,7.79,Saturday,Plus,NYC,TRUE
T0843,R043,D083,8.5,13.21,Monday,XL,Chicago,TRUE
T0844,R043,D072,6.9,18.11,Friday,Economy,London,TRUE
T0845,R043,D097,14.9,8.44,Sunday,Premium,NYC,TRUE
T0846,R043,D002,14.2,10.1,Sunday,Economy,NYC,TRUE
T0847,R043,D043,9.3,16.64,Wednesday,XL,Chicago,TRUE
T0848,R043,D005,16.3,8.57,Monday,Plus,Chicago,TRUE
T0849,R043,D085,6.8,6.15,Saturday,Economy,Chicago,TRUE
T0850,R043,D095,18.4,11.28,Saturday,Plus,NYC,TRUE
T0851,R043,D100,13,7.99,Tuesday,Premium,London,TRUE
T0852,R043,D027,15.8,14.78,Monday,Economy,Chicago,TRUE
T0853,R043,D023,14.6,14.33,Thursday,XL,NYC,TRUE
T0854,R043,D003,13.6,11.27,Wednesday,XL,London,TRUE
T0855,R043,D015,14.4,7.23,Tuesday,Economy,London,TRUE
T0856,R043,D058,4.7,7.76,Friday,Plus,NYC,TRUE
T0857,R043,D007,12.4,11.38,Sunday,Economy,London,TRUE
T0858,R043,D034,15.6,10.84,Tuesday,Premium,Chicago,TRUE
T0859,R043,D031,5.5,5.86,Sunday,Premium,London,TRUE
T0860,R043,D082,14.1,5.08,Sunday,XL,NYC,TRUE
T0861,R044,D018,2.8,18.24,Thursday,Premium,London,TRUE
T0862,R044,D099,15,9.58,Friday,XL,London,TRUE
T0863,R044,D046,18.9,19.44,Thursday,Plus,Chicago,TRUE
T0864,R044,D009,13.6,15.14,Sunday,Plus,London,TRUE
T0865,R044,D079,13.7,17.81,Saturday,Premium,Chicago,TRUE
T0866,R044,D017,9,11.49,Friday,Economy,London,TRUE
T0867,R044,D007,3.6,18.88,Thursday,Plus,London,TRUE
T0868,R044,D094,9.9,16.32,Friday,Plus,Chicago,TRUE
T0869,R044,D008,2.8,9.16,Sunday,Premium,Chicago,TRUE
T0870,R044,D065,15.3,15.3,Saturday,Economy,London,TRUE
T0871,R044,D009,8,18.82,Sunday,Economy,NYC,TRUE
T0872,R044,D099,11.8,16.11,Friday,Premium,London,TRUE
T0873,R044,D025,8.3,15.09,Tuesday,XL,NYC,TRUE
T0874,R044,D002,4.9,16.16,Tuesday,XL,NYC,TRUE
T0875,R044,D011,11.2,6.7,Tuesday,XL,London,TRUE
T0876,R044,D068,8.3,5.62,Tuesday,Economy,London,TRUE
T0877,R044,D040,17.4,10.6,Sunday,XL,NYC,TRUE
T0878,R044,D020,2.8,12.52,Saturday,Economy,Chicago,TRUE
T0879,R044,D011,2.2,19.26,Tuesday,XL,NYC,TRUE
T0880,R044,D018,4.2,19.23,Thursday,Economy,Chicago,TRUE
T0881,R045,D054,18.8,14.67,Thursday,Economy,Chicago,TRUE
T0882,R045,D014,9.4,9.73,Tuesday,Plus,NYC,TRUE
T0883,R045,D067,13.8,12.99,Thursday,Economy,London,TRUE
T0884,R045,D092,1.7,15.12,Friday,Economy,NYC,TRUE
T0885,R045,D067,9.9,17.86,Tuesday,Economy,London,TRUE
T0886,R045,D092,1.9,13.36,Friday,Plus,Chicago,TRUE
T0887,R045,D093,12.8,6.42,Thursday,Plus,Chicago,TRUE
T0888,R045,D039,17.4,15.67,Sunday,Plus,Chicago,TRUE
T0889,R045,D023,4.7,17.53,Friday,XL,London,TRUE
T0890,R045,D079,6.4,10.89,Monday,XL,Chicago,TRUE
T0891,R045,D087,17.4,7.92,Saturday,XL,Chicago,TRUE
T0892,R045,D088,1.6,8.88,Saturday,XL,London,TRUE
T0893,R045,D040,15.9,5.56,Saturday,Plus,NYC,TRUE
T0894,R045,D033,9.6,12.93,Tuesday,Plus,Chicago,TRUE
T0895,R045,D037,2.5,13.86,Saturday,Plus,NYC,TRUE
T0896,R045,D060,18.2,13.73,Sunday,Economy,NYC,TRUE
T0897,R045,D029,4.6,18.46,Thursday,XL,London,TRUE
T0898,R045,D070,15.2,11.4,Wednesday,XL,London,TRUE
T0899,R045,D025,9.2,8.56,Sunday,Premium,London,TRUE
T0900,R045,D042,13.7,12.69,Tuesday,Plus,NYC,TRUE
T0901,R046,D026,4.6,6,Friday,Premium,Chicago,TRUE
T0902,R046,D088,17.8,14.89,Monday,Economy,Chicago,TRUE
T0903,R046,D044,1.9,16.02,Monday,Plus,Chicago,TRUE
T0904,R046,D096,5.2,8.28,Thursday,XL,Chicago,TRUE
T0905,R046,D008,6,7.85,Tuesday,XL,Chicago,TRUE
T0906,R046,D016,15.6,18.09,Wednesday,XL,Chicago,TRUE
T0907,R046,D039,8.3,9.38,Saturday,XL,Chicago,TRUE
T0908,R046,D096,6.3,19.79,Saturday,XL,Chicago,TRUE
T0909,R046,D065,2.5,15.94,Tuesday,Plus,Chicago,TRUE
T0910,R046,D094,10.5,18.95,Tuesday,Economy,London,TRUE
T0911,R046,D058,9.6,16.28,Tuesday,Plus,NYC,TRUE
T0912,R046,D089,19.7,9.87,Monday,XL,Chicago,TRUE
T0913,R046,D056,3.7,10.63,Saturday,XL,Chicago,TRUE
T0914,R046,D043,16.8,5.51,Wednesday,XL,London,TRUE
T0915,R046,D067,1.6,18.42,Monday,XL,Chicago,TRUE
T0916,R046,D056,15.8,12.82,Thursday,XL,NYC,TRUE
T0917,R046,D022,5.3,10.17,Friday,XL,Chicago,TRUE
T0918,R046,D017,3.5,17.16,Sunday,Premium,London,TRUE
T0919,R046,D084,4.6,16.88,Monday,XL,Chicago,TRUE
T0920,R046,D099,5.1,16.73,Thursday,Plus,London,TRUE
T0921,R047,D014,18.7,12.98,Sunday,Plus,London,TRUE
T0922,R047,D064,19.8,6.64,Monday,Plus,Chicago,TRUE
T0923,R047,D024,6.9,18.33,Sunday,Economy,NYC,TRUE
T0924,R047,D094,3.6,6.99,Thursday,Plus,Chicago,TRUE
T0925,R047,D008,13.6,17.45,Wednesday,Economy,London,TRUE
T0926,R047,D020,12.1,13.3,Wednesday,XL,London,TRUE
T0927,R047,D074,7.5,13.36,Sunday,XL,London,TRUE
T0928,R047,D086,16.5,16.02,Tuesday,XL,London,TRUE
T0929,R047,D050,6.4,10.83,Sunday,Plus,NYC,TRUE
T0930,R047,D017,17.1,17.13,Sunday,Plus,London,TRUE
T0931,R047,D009,3.6,17.78,Monday,XL,London,TRUE
T0932,R047,D035,17.4,16.89,Tuesday,XL,NYC,TRUE
T0933,R047,D085,2.3,11.25,Wednesday,XL,London,TRUE
T0934,R047,D063,9.3,7.5,Sunday,XL,London,TRUE
T0935,R047,D057,13.9,15.87,Friday,Plus,London,TRUE
T0936,R047,D016,4.9,6.42,Saturday,XL,Chicago,TRUE
T0937,R047,D052,18.9,5.85,Tuesday,Premium,London,TRUE
T0938,R047,D090,8.2,5.33,Sunday,Premium,Chicago,TRUE
T0939,R047,D099,12.9,14.78,Monday,Premium,Chicago,TRUE
T0940,R047,D035,4.5,15.4,Friday,Economy,Chicago,TRUE
T0941,R048,D054,13.5,7.78,Saturday,Premium,Chicago,TRUE
T0942,R048,D026,15,16.94,Tuesday,Plus,NYC,TRUE
T0943,R048,D013,10.4,16.86,Friday,XL,London,TRUE
T0944,R048,D036,17.5,14.47,Thursday,Premium,Chicago,TRUE
T0945,R048,D047,16.8,19.33,Friday,Economy,Chicago,TRUE
T0946,R048,D025,19.7,7.17,Thursday,Plus,NYC,TRUE
T0947,R048,D028,13.7,5.92,Thursday,Premium,Chicago,TRUE
T0948,R048,D029,13.2,19.12,Thursday,Premium,London,TRUE
T0949,R048,D077,1.9,17.7,Thursday,Plus,Chicago,TRUE
T0950,R048,D044,4.6,10.33,Sunday,Economy,NYC,TRUE
T0951,R048,D054,1.6,11.02,Friday,Economy,Chicago,TRUE
T0952,R048,D085,17.1,19.44,Wednesday,XL,Chicago,TRUE
T0953,R048,D025,9.1,6.46,Tuesday,Economy,NYC,TRUE
T0954,R048,D029,16.5,15.64,Monday,Plus,NYC,TRUE
T0955,R048,D020,3.9,13.31,Friday,Premium,NYC,TRUE
T0956,R048,D093,8.7,18.25,Monday,Premium,London,TRUE
T0957,R048,D013,14.7,15.99,Monday,Plus,NYC,TRUE
T0958,R048,D077,2.1,14.44,Wednesday,Economy,London,TRUE
T0959,R048,D035,7.3,7.33,Tuesday,Premium,London,TRUE
T0960,R048,D055,15.8,12.11,Saturday,Premium,NYC,TRUE
T0961,R049,D005,17,11.53,Thursday,XL,London,TRUE
T0962,R049,D056,17.5,7.33,Friday,Premium,London,TRUE
T0963,R049,D077,19.1,17.5,Monday,XL,London,TRUE
T0964,R049,D087,8.3,9.32,Tuesday,XL,Chicago,TRUE
T0965,R049,D092,19.1,14.54,Wednesday,Premium,London,TRUE
T0966,R049,D044,14.4,12.22,Friday,XL,NYC,TRUE
T0967,R049,D072,9,13.49,Monday,XL,NYC,TRUE
T0968,R049,D038,8.4,14.17,Friday,Plus,NYC,TRUE
T0969,R049,D024,5,6.59,Saturday,Economy,London,TRUE
T0970,R049,D080,15.3,12.3,Thursday,Economy,London,TRUE
T0971,R049,D075,9.5,7.44,Sunday,Plus,London,TRUE
T0972,R049,D087,9.6,11.44,Tuesday,XL,London,TRUE
T0973,R049,D094,2.6,15.06,Tuesday,Economy,London,TRUE
T0974,R049,D096,7.9,13.59,Wednesday,Plus,NYC,TRUE
T0975,R049,D091,18,9,Thursday,XL,London,TRUE
T0976,R049,D048,11.3,9.5,Saturday,Plus,Chicago,TRUE
T0977,R049,D015,1.6,5.16,Monday,Plus,Chicago,TRUE
T0978,R049,D065,8.4,9.44,Friday,Economy,Chicago,TRUE
T0979,R049,D054,3.2,15.56,Friday,Economy,NYC,TRUE
T0980,R049,D010,6.3,6.09,Saturday,Premium,NYC,TRUE
T0981,R050,D086,14.7,19.62,Saturday,Economy,NYC,TRUE
T0982,R050,D042,8.1,17.02,Monday,XL,NYC,TRUE
T0983,R050,D100,13.1,18.37,Monday,XL,London,TRUE
T0984,R050,D041,10.4,12.78,Friday,Premium,London,TRUE
T0985,R050,D025,16.3,10.15,Thursday,Economy,Chicago,TRUE
T0986,R050,D094,12.1,12,Sunday,Economy,London,TRUE
T0987,R050,D052,4.3,6.63,Friday,Economy,NYC,TRUE
T0988,R050,D037,18.8,8.44,Saturday,Economy,London,TRUE
T0989,R050,D027,2,10.62,Thursday,Plus,London,TRUE
T0990,R050,D073,2.7,11.03,Wednesday,Economy,NYC,TRUE
T0991,R050,D083,17,14.99,Friday,Premium,London,TRUE
T0992,R050,D035,9,7.08,Saturday,Premium,Chicago,TRUE
T0993,R050,D034,14.6,11.97,Monday,Plus,Chicago,TRUE
T0994,R050,D063,15,7.21,Wednesday,Economy,NYC,TRUE
T0995,R050,D087,19.8,13.29,Monday,Economy,Chicago,TRUE
T0996,R050,D076,19.3,5.41,Sunday,Economy,NYC,TRUE
T0997,R050,D079,3.7,17.07,Sunday,Plus,London,TRUE
T0998,R050,D049,13.6,17.55,Tuesday,XL,NYC,TRUE
T0999,R050,D035,1.6,8.02,Saturday,Premium,NYC,TRUE
T1000,R050,D029,10.4,13.25,Saturday,XL,NYC,TRUE
T1001,R051,D071,16,14.19,Tuesday,Plus,London,TRUE
T1002,R051,D093,8.2,6.98,Monday,XL,NYC,TRUE
T1003,R051,D045,19,15.46,Monday,XL,NYC,TRUE
T1004,R051,D034,13.6,18.17,Friday,XL,London,TRUE
T1005,R051,D073,9.2,19.26,Sunday,Plus,Chicago,TRUE
T1006,R051,D047,16.9,16.01,Wednesday,Plus,Chicago,TRUE
T1007,R051,D001,16.3,5.03,Wednesday,Premium,NYC,TRUE
T1008,R051,D010,9.1,16.57,Sunday,Plus,London,TRUE
T1009,R051,D041,7.3,10.16,Monday,Economy,London,TRUE
T1010,R051,D041,11.7,11.16,Friday,Premium,Chicago,TRUE
T1011,R051,D039,17.4,5.05,Saturday,XL,Chicago,TRUE
T1012,R051,D087,12.1,10.04,Sunday,XL,NYC,TRUE
T1013,R051,D006,13.3,9.87,Saturday,Plus,London,TRUE
T1014,R051,D032,15.6,11.91,Wednesday,XL,London,TRUE
T1015,R051,D061,14.2,17.38,Friday,Plus,NYC,TRUE
T1016,R051,D080,17.5,14.86,Thursday,Premium,NYC,TRUE
T1017,R051,D090,2.8,10.5,Wednesday,Premium,London,TRUE
T1018,R051,D016,12.6,16.82,Wednesday,Plus,Chicago,TRUE
T1019,R051,D002,5.6,10.72,Friday,XL,NYC,TRUE
T1020,R051,D034,9.9,19.16,Saturday,Premium,London,TRUE
T1021,R052,D078,6.4,16.58,Monday,Premium,London,TRUE
T1022,R052,D030,18.5,9.58,Monday,Economy,London,TRUE
T1023,R052,D028,8.6,8.61,Thursday,XL,Chicago,TRUE
T1024,R052,D085,11.7,7.32,Monday,Premium,NYC,TRUE
T1025,R052,D087,2.5,18.32,Monday,XL,NYC,TRUE
T1026,R052,D058,18.9,13.1,Friday,Economy,Chicago,TRUE
T1027,R052,D030,15,18.6,Tuesday,XL,Chicago,TRUE
T1028,R052,D089,10,19.98,Sunday,XL,Chicago,TRUE
T1029,R052,D039,4.5,13.33,Saturday,XL,Chicago,TRUE
T1030,R052,D070,14.9,10.01,Saturday,Plus,Chicago,TRUE
T1031,R052,D068,12.7,15.03,Monday,Plus,NYC,TRUE
T1032,R052,D067,2.2,18.11,Sunday,XL,NYC,TRUE
T1033,R052,D046,2,19.67,Thursday,Premium,London,TRUE
T1034,R052,D059,9.6,11.06,Wednesday,Plus,London,TRUE
T1035,R052,D048,4.4,16.02,Tuesday,Plus,Chicago,TRUE
T1036,R052,D010,10.3,9.74,Sunday,Plus,Chicago,TRUE
T1037,R052,D028,19.7,11.85,Monday,Plus,Chicago,TRUE
T1038,R052,D076,5.3,8.58,Saturday,Plus,Chicago,TRUE
T1039,R052,D067,14.5,15.39,Sunday,Plus,London,TRUE
T1040,R052,D001,3.9,11.25,Monday,Plus,Chicago,TRUE
T1041,R053,D044,11,15.35,Thursday,Economy,Chicago,TRUE
T1042,R053,D049,16.7,19.25,Thursday,XL,NYC,TRUE
T1043,R053,D033,3.4,5.76,Wednesday,Economy,NYC,TRUE
T1044,R053,D036,16.6,14.28,Tuesday,Premium,Chicago,TRUE
T1045,R053,D013,5.7,16.2,Thursday,Economy,NYC,TRUE
T1046,R053,D079,2.8,15.3,Friday,Economy,Chicago,TRUE
T1047,R053,D077,4.1,18.12,Friday,Premium,Chicago,TRUE
T1048,R053,D046,13.6,16.99,Thursday,Plus,NYC,TRUE
T1049,R053,D094,13.9,18.24,Monday,Plus,NYC,TRUE
T1050,R053,D018,3.5,19.71,Sunday,XL,Chicago,TRUE
T1051,R053,D050,19.6,13.23,Sunday,Premium,Chicago,TRUE
T1052,R053,D026,3.8,16.72,Thursday,Economy,NYC,TRUE
T1053,R053,D036,18.9,13.69,Tuesday,XL,London,TRUE
T1054,R053,D036,14.3,6.15,Monday,Plus,NYC,TRUE
T1055,R053,D056,11.8,12.03,Friday,Premium,Chicago,TRUE
T1056,R053,D057,5.7,7.26,Monday,Economy,Chicago,TRUE
T1057,R053,D003,7.5,13.34,Tuesday,Economy,Chicago,TRUE
T1058,R053,D089,17,5.84,Wednesday,XL,NYC,TRUE
T1059,R053,D011,18.5,16.05,Tuesday,XL,Chicago,TRUE
T1060,R053,D051,10.8,5.03,Sunday,Premium,NYC,TRUE
T1061,R054,D030,17.9,6.31,Saturday,XL,NYC,TRUE
T1062,R054,D016,14.4,18.52,Friday,XL,NYC,TRUE
T1063,R054,D011,9.1,19.61,Tuesday,XL,Chicago,TRUE
T1064,R054,D096,6.7,9.66,Thursday,Plus,Chicago,TRUE
T1065,R054,D095,19.3,14.63,Tuesday,XL,Chicago,TRUE
T1066,R054,D066,3.4,14.8,Monday,XL,Chicago,TRUE
T1067,R054,D022,13.9,14.18,Wednesday,XL,London,TRUE
T1068,R054,D017,16.6,18.22,Sunday,Premium,Chicago,TRUE
T1069,R054,D005,5.1,16.72,Monday,Premium,Chicago,TRUE
T1070,R054,D079,12.3,9.57,Saturday,Economy,London,TRUE
T1071,R054,D096,4.1,5.81,Tuesday,Economy,London,TRUE
T1072,R054,D062,8.7,11.69,Saturday,Premium,London,TRUE
T1073,R054,D035,5.5,11.39,Sunday,Premium,NYC,TRUE
T1074,R054,D091,11,14.55,Saturday,XL,NYC,TRUE
T1075,R054,D022,13.7,16.17,Saturday,Economy,London,TRUE
T1076,R054,D063,18.2,13.84,Wednesday,XL,NYC,TRUE
T1077,R054,D089,7.3,11.94,Saturday,XL,NYC,TRUE
T1078,R054,D015,5.6,8.29,Tuesday,XL,London,TRUE
T1079,R054,D035,6.9,11.8,Saturday,Plus,London,TRUE
T1080,R054,D030,5.3,16.51,Wednesday,Plus,Chicago,TRUE
T1081,R055,D034,3.3,8.87,Wednesday,Plus,Chicago,TRUE
T1082,R055,D069,6.1,15.61,Sunday,Economy,London,TRUE
T1083,R055,D069,18.5,16.68,Thursday,Economy,NYC,TRUE
T1084,R055,D071,2.1,10.8,Monday,Premium,NYC,TRUE
T1085,R055,D002,10.5,9.63,Friday,Economy,Chicago,TRUE
T1086,R055,D080,16.1,6.66,Friday,Plus,London,TRUE
T1087,R055,D023,16.9,12.2,Sunday,XL,London,TRUE
T1088,R055,D087,11.9,16.05,Wednesday,Plus,London,TRUE
T1089,R055,D088,5.6,12.77,Monday,XL,Chicago,TRUE
T1090,R055,D021,12.1,18.85,Thursday,XL,NYC,TRUE
T1091,R055,D082,3.6,5.22,Tuesday,XL,Chicago,TRUE
T1092,R055,D019,10.2,18.74,Saturday,Premium,Chicago,TRUE
T1093,R055,D009,2.8,13.69,Monday,XL,London,TRUE
T1094,R055,D083,6.8,17.13,Saturday,Premium,NYC,TRUE
T1095,R055,D062,13.9,11.5,Monday,XL,NYC,TRUE
T1096,R055,D083,4.9,9.72,Monday,XL,Chicago,TRUE
T1097,R055,D069,8.5,11.13,Wednesday,Plus,London,TRUE
T1098,R055,D045,16.3,9.46,Saturday,Premium,Chicago,TRUE
T1099,R055,D080,5.3,6.8,Tuesday,Economy,Chicago,TRUE
T1100,R055,D032,2.5,9.18,Thursday,Economy,London,TRUE
T1101,R056,D048,15.8,9.13,Friday,Plus,NYC,TRUE
T1102,R056,D015,13.7,10.1,Tuesday,Economy,London,TRUE
T1103,R056,D026,10.7,5.28,Saturday,Economy,London,TRUE
T1104,R056,D020,5.1,16.41,Monday,XL,Chicago,TRUE
T1105,R056,D035,4.6,11.71,Thursday,Premium,Chicago,TRUE
T1106,R056,D055,12.6,14.02,Monday,Plus,Chicago,TRUE
T1107,R056,D031,1.7,6.57,Friday,Economy,London,TRUE
T1108,R056,D024,5.4,5.48,Tuesday,Plus,NYC,TRUE
T1109,R056,D017,16.7,7.77,Tuesday,XL,Chicago,TRUE
T1110,R056,D071,6.7,5.47,Sunday,Economy,NYC,TRUE
T1111,R056,D057,1.3,19.08,Monday,Premium,Chicago,TRUE
T1112,R056,D077,19.3,12.36,Thursday,Economy,London,TRUE
T1113,R056,D035,2.7,17.04,Wednesday,Plus,Chicago,TRUE
T1114,R056,D058,15.2,13.39,Saturday,Plus,Chicago,TRUE
T1115,R056,D054,16.9,6.65,Sunday,Economy,London,TRUE
T1116,R056,D013,1.3,5.16,Wednesday,Premium,London,TRUE
T1117,R056,D078,17.2,11.48,Thursday,Plus,London,TRUE
T1118,R056,D068,11.5,8.11,Monday,XL,London,TRUE
T1119,R056,D025,7.5,17.09,Sunday,Plus,London,TRUE
T1120,R056,D029,7.2,12.66,Monday,Economy,London,TRUE
T1121,R057,D053,13.1,13.08,Sunday,Plus,Chicago,TRUE
T1122,R057,D016,3.4,18.92,Wednesday,XL,London,TRUE
T1123,R057,D041,6.9,6.14,Wednesday,XL,Chicago,TRUE
T1124,R057,D009,12.1,5.33,Sunday,Premium,NYC,TRUE
T1125,R057,D037,15.4,13.37,Friday,XL,NYC,TRUE
T1126,R057,D054,11.5,6.57,Friday,XL,Chicago,TRUE
T1127,R057,D086,14.1,8.95,Thursday,Premium,Chicago,TRUE
T1128,R057,D086,8.1,7.1,Thursday,Economy,NYC,TRUE
T1129,R057,D024,18.2,7.29,Saturday,Premium,NYC,TRUE
T1130,R057,D014,19.5,13.54,Tuesday,Premium,Chicago,TRUE
T1131,R057,D030,15.6,5.88,Tuesday,Economy,Chicago,TRUE
T1132,R057,D062,1.2,14.44,Thursday,Economy,NYC,TRUE
T1133,R057,D040,10.9,16.04,Saturday,Economy,London,TRUE
T1134,R057,D095,16.2,10.61,Tuesday,Economy,London,TRUE
T1135,R057,D039,4.9,15.58,Saturday,Economy,London,TRUE
T1136,R057,D072,8.3,5.8,Saturday,Economy,Chicago,TRUE
T1137,R057,D014,11.3,13.76,Friday,XL,Chicago,TRUE
T1138,R057,D048,15.1,8.96,Thursday,XL,NYC,TRUE
T1139,R057,D065,7.3,7.7,Wednesday,Plus,London,TRUE
T1140,R057,D023,7.2,9.31,Saturday,Plus,London,TRUE
T1141,R058,D026,9.1,14.06,Friday,Plus,Chicago,TRUE
T1142,R058,D046,6.2,11.3,Friday,Premium,NYC,TRUE
T1143,R058,D023,12.9,14.54,Monday,Plus,Chicago,TRUE
T1144,R058,D095,1.8,19.22,Tuesday,Economy,NYC,TRUE
T1145,R058,D063,12.5,12.89,Wednesday,Plus,London,TRUE
T1146,R058,D021,8.9,8.74,Thursday,Economy,London,TRUE
T1147,R058,D081,1.8,16.15,Thursday,Plus,London,TRUE
T1148,R058,D039,19.9,12.96,Thursday,Premium,Chicago,TRUE
T1149,R058,D071,12.9,7.05,Saturday,Economy,Chicago,TRUE
T1150,R058,D045,16.9,8.6,Sunday,Premium,Chicago,TRUE
T1151,R058,D047,8.5,6.77,Monday,Plus,Chicago,TRUE
T1152,R058,D076,19.1,6.61,Sunday,XL,NYC,TRUE
T1153,R058,D096,8.2,14.76,Saturday,XL,Chicago,TRUE
T1154,R058,D046,16.6,16.06,Tuesday,Premium,NYC,TRUE
T1155,R058,D083,1.1,11.71,Friday,XL,Chicago,TRUE
T1156,R058,D060,17.6,7.2,Sunday,XL,London,TRUE
T1157,R058,D083,2.4,17.61,Wednesday,Economy,Chicago,TRUE
T1158,R058,D089,16.5,19.95,Sunday,Premium,London,TRUE
T1159,R058,D017,12.1,5.29,Wednesday,XL,NYC,TRUE
T1160,R058,D009,14,13.05,Thursday,Plus,London,TRUE
T1161,R059,D023,14.6,16.95,Sunday,Plus,London,TRUE
T1162,R059,D031,6.3,12.86,Friday,XL,Chicago,TRUE
T1163,R059,D038,13.8,8.7,Saturday,Economy,London,TRUE
T1164,R059,D033,6.6,12.1,Sunday,Premium,Chicago,TRUE
T1165,R059,D080,11.8,9.38,Wednesday,Economy,NYC,TRUE
T1166,R059,D060,2,19.51,Saturday,Plus,Chicago,TRUE
T1167,R059,D072,7.6,15.49,Monday,Plus,NYC,TRUE
T1168,R059,D005,10.5,16.2,Sunday,Premium,Chicago,TRUE
T1169,R059,D063,11.1,5.2,Saturday,Premium,NYC,TRUE
T1170,R059,D074,16.5,11.01,Monday,XL,London,TRUE
T1171,R059,D041,10.7,11.81,Wednesday,Premium,Chicago,TRUE
T1172,R059,D092,17.1,6.83,Wednesday,Premium,NYC,TRUE
T1173,R059,D037,12.3,8.86,Sunday,Plus,London,TRUE
T1174,R059,D046,11.2,7.24,Monday,Premium,Chicago,TRUE
T1175,R059,D083,12.9,11.25,Monday,Economy,London,TRUE
T1176,R059,D097,6.5,8.24,Tuesday,Premium,NYC,TRUE
T1177,R059,D016,11.8,12.84,Monday,XL,NYC,TRUE
T1178,R059,D006,20,18.32,Saturday,Plus,London,TRUE
T1179,R059,D052,18.5,12.75,Sunday,XL,London,TRUE
T1180,R059,D072,15.6,11.38,Friday,Plus,Chicago,TRUE
T1181,R060,D089,17,9.43,Monday,Economy,NYC,TRUE
T1182,R060,D078,18.5,8.37,Sunday,Plus,Chicago,TRUE
T1183,R060,D095,12.4,5.8,Monday,Premium,NYC,TRUE
T1184,R060,D046,8,16.79,Saturday,Plus,Chicago,TRUE
T1185,R060,D089,15.2,19.37,Monday,Economy,London,TRUE
T1186,R060,D008,10.2,18.66,Monday,Economy,NYC,TRUE
T1187,R060,D043,1.1,9.38,Sunday,Plus,London,TRUE
T1188,R060,D024,13.8,8.66,Wednesday,Economy,London,TRUE
T1189,R060,D005,8.7,9.62,Thursday,Economy,Chicago,TRUE
T1190,R060,D014,19.1,9.92,Tuesday,XL,NYC,TRUE
T1191,R060,D097,3.6,14.22,Tuesday,XL,Chicago,TRUE
T1192,R060,D065,8.2,14.53,Tuesday,XL,NYC,TRUE
T1193,R060,D099,18.1,6.62,Saturday,Plus,London,TRUE
T1194,R060,D004,16.3,12.47,Sunday,Economy,London,TRUE
T1195,R060,D035,10.6,5.71,Monday,Economy,Chicago,TRUE
T1196,R060,D082,1.3,14.87,Thursday,Premium,NYC,TRUE
T1197,R060,D010,5.8,19.32,Wednesday,Economy,London,TRUE
T1198,R060,D012,6.8,19.35,Monday,Economy,Chicago,TRUE
T1199,R060,D048,13.6,18.66,Tuesday,Plus,Chicago,TRUE
T1200,R060,D003,2.9,12.14,Tuesday,Economy,Chicago,TRUE
T1201,R061,D026,19.3,10.54,Wednesday,Plus,NYC,TRUE
T1202,R061,D076,17.5,10.84,Monday,Premium,London,TRUE
T1203,R061,D060,6.4,19.11,Sunday,Economy,London,TRUE
T1204,R061,D045,9.3,15.29,Sunday,Premium,London,TRUE
T1205,R061,D008,7.5,11.25,Friday,Economy,NYC,TRUE
T1206,R061,D017,7.6,12.2,Tuesday,Plus,NYC,TRUE
T1207,R061,D005,6.8,16.21,Friday,XL,London,TRUE
T1208,R061,D083,18.4,16.02,Friday,Plus,London,TRUE
T1209,R061,D032,6.4,12.07,Sunday,Plus,NYC,TRUE
T1210,R061,D002,17.5,11.17,Monday,Premium,NYC,TRUE
T1211,R061,D017,16.5,11.03,Friday,Economy,NYC,TRUE
T1212,R061,D049,4.5,15.07,Tuesday,Premium,Chicago,TRUE
T1213,R061,D072,5.3,15.36,Monday,Premium,NYC,TRUE
T1214,R061,D051,13.6,5.88,Tuesday,Premium,NYC,TRUE
T1215,R061,D018,9.9,11.9,Wednesday,Economy,Chicago,TRUE
T1216,R061,D026,3.1,12.58,Saturday,Economy,London,TRUE
T1217,R061,D030,3.8,7.36,Sunday,XL,London,TRUE
T1218,R061,D083,7,9.54,Tuesday,Economy,NYC,TRUE
T1219,R061,D069,12.5,8,Monday,Economy,NYC,TRUE
T1220,R061,D093,19,6.75,Tuesday,Premium,London,TRUE
T1221,R062,D093,9,17.77,Wednesday,Plus,Chicago,TRUE
T1222,R062,D046,18.6,10.1,Thursday,Economy,London,TRUE
T1223,R062,D012,2.9,5.93,Thursday,Economy,London,TRUE
T1224,R062,D056,17.5,14.68,Sunday,Premium,NYC,TRUE
T1225,R062,D001,5.9,16.46,Saturday,Plus,NYC,TRUE
T1226,R062,D048,6.4,13.05,Thursday,Economy,Chicago,TRUE
T1227,R062,D094,4.2,12.54,Saturday,XL,NYC,TRUE
T1228,R062,D052,1.6,16.34,Thursday,Plus,NYC,TRUE
T1229,R062,D007,2.9,18.29,Thursday,XL,NYC,TRUE
T1230,R062,D069,3.3,17.4,Monday,Economy,London,TRUE
T1231,R062,D010,4.7,12.51,Saturday,Plus,London,TRUE
T1232,R062,D036,16.8,16.94,Sunday,XL,Chicago,TRUE
T1233,R062,D008,1.3,7.89,Friday,XL,NYC,TRUE
T1234,R062,D049,8.3,10.59,Sunday,Economy,NYC,TRUE
T1235,R062,D095,18.4,11.11,Monday,Economy,Chicago,TRUE
T1236,R062,D069,1.3,6.38,Sunday,Premium,Chicago,TRUE
T1237,R062,D039,6.9,5.03,Friday,XL,London,TRUE
T1238,R062,D022,9.1,10.84,Monday,Plus,Chicago,TRUE
T1239,R062,D076,11.7,7.38,Friday,Plus,London,TRUE
T1240,R062,D010,18.5,18.18,Thursday,Economy,London,TRUE
T1241,R063,D062,10.8,13.86,Sunday,Plus,Chicago,TRUE
T1242,R063,D093,15.1,11.77,Thursday,Economy,NYC,TRUE
T1243,R063,D094,12.7,12.99,Saturday,XL,NYC,TRUE
T1244,R063,D065,4.9,5.76,Tuesday,XL,London,TRUE
T1245,R063,D047,10.7,16.3,Saturday,Premium,London,TRUE
T1246,R063,D014,2.2,15.33,Tuesday,XL,NYC,TRUE
T1247,R063,D071,15.7,6.92,Thursday,Economy,NYC,TRUE
T1248,R063,D063,4.9,14.16,Wednesday,Plus,Chicago,TRUE
T1249,R063,D034,17.3,14.75,Tuesday,Economy,NYC,TRUE
T1250,R063,D074,10.8,10.17,Sunday,Economy,Chicago,TRUE
T1251,R063,D079,5.8,15.33,Monday,Premium,NYC,TRUE
T1252,R063,D019,16.4,13.53,Monday,Plus,Chicago,TRUE
T1253,R063,D082,2.3,9.15,Monday,XL,London,TRUE
T1254,R063,D022,1.5,18.72,Thursday,Economy,NYC,TRUE
T1255,R063,D018,12.3,5.69,Wednesday,XL,London,TRUE
T1256,R063,D051,17.1,18.55,Monday,Plus,Chicago,TRUE
T1257,R063,D067,9.6,17.26,Monday,XL,Chicago,TRUE
T1258,R063,D052,10.5,9.86,Sunday,Plus,NYC,TRUE
T1259,R063,D063,5,11.26,Wednesday,Plus,Chicago,TRUE
T1260,R063,D037,14.6,12.56,Sunday,Plus,NYC,TRUE
T1261,R064,D018,11.2,13.28,Thursday,XL,Chicago,TRUE
T1262,R064,D041,1.9,6.09,Friday,Economy,London,TRUE
T1263,R064,D065,16.6,9.79,Thursday,XL,NYC,TRUE
T1264,R064,D039,5.8,8.5,Tuesday,XL,London,TRUE
T1265,R064,D015,10.9,6.46,Friday,Economy,NYC,TRUE
T1266,R064,D049,7.2,19.67,Sunday,XL,NYC,TRUE
T1267,R064,D070,3.1,10.13,Wednesday,Economy,Chicago,TRUE
T1268,R064,D097,17.2,18.99,Saturday,Premium,Chicago,TRUE
T1269,R064,D040,12.9,17.15,Thursday,Plus,London,TRUE
T1270,R064,D074,17.1,11.14,Wednesday,XL,NYC,TRUE
T1271,R064,D060,3.4,16.96,Tuesday,Premium,Chicago,TRUE
T1272,R064,D034,13.7,8.66,Monday,XL,Chicago,TRUE
T1273,R064,D090,12.6,16.68,Saturday,XL,NYC,TRUE
T1274,R064,D018,19,6.29,Thursday,Economy,NYC,TRUE
T1275,R064,D069,12,8.18,Thursday,Premium,NYC,TRUE
T1276,R064,D060,6.8,19.75,Wednesday,XL,NYC,TRUE
T1277,R064,D035,18.8,5.68,Saturday,Premium,London,TRUE
T1278,R064,D070,17,13.18,Sunday,Economy,London,TRUE
T1279,R064,D093,9.1,15.11,Sunday,Economy,Chicago,TRUE
T1280,R064,D054,10.2,9.14,Saturday,Economy,London,TRUE
T1281,R065,D043,15.6,12.39,Saturday,Premium,London,TRUE
T1282,R065,D073,5.8,17.89,Wednesday,XL,Chicago,TRUE
T1283,R065,D022,16.4,12.27,Wednesday,Economy,NYC,TRUE
T1284,R065,D020,16.6,7.04,Monday,Premium,London,TRUE
T1285,R065,D047,8.9,9.76,Sunday,Economy,London,TRUE
T1286,R065,D094,18.4,16.49,Thursday,Plus,London,TRUE
T1287,R065,D041,2.3,5.68,Friday,Economy,Chicago,TRUE
T1288,R065,D014,16.4,18.88,Monday,Premium,Chicago,TRUE
T1289,R065,D029,10.2,15.24,Wednesday,XL,NYC,TRUE
T1290,R065,D011,6.8,11.25,Monday,Economy,NYC,TRUE
T1291,R065,D060,12.7,7.03,Friday,Economy,NYC,TRUE
T1292,R065,D020,7.1,18.9,Thursday,XL,Chicago,TRUE
T1293,R065,D081,13.4,8.47,Sunday,Premium,London,TRUE
T1294,R065,D088,18.4,16.09,Friday,Economy,NYC,TRUE
T1295,R065,D051,11.8,5.12,Tuesday,Economy,NYC,TRUE
T1296,R065,D089,13.1,8.73,Tuesday,Economy,London,TRUE
T1297,R065,D013,8.9,19.84,Wednesday,Plus,London,TRUE
T1298,R065,D076,16.1,15.76,Tuesday,Economy,Chicago,TRUE
T1299,R065,D006,17.4,14.78,Tuesday,XL,NYC,TRUE
T1300,R065,D067,8,8.61,Monday,Plus,London,TRUE
T1301,R066,D092,10.3,6.3,Sunday,XL,NYC,TRUE
T1302,R066,D044,18,9.45,Sunday,Plus,NYC,TRUE
T1303,R066,D011,9.8,13.13,Wednesday,XL,NYC,TRUE
T1304,R066,D019,5,16.71,Tuesday,Premium,Chicago,TRUE
T1305,R066,D011,13.8,9.08,Sunday,Economy,Chicago,TRUE
T1306,R066,D063,14.9,9.76,Tuesday,Economy,London,TRUE
T1307,R066,D100,13.4,19.21,Thursday,Plus,London,TRUE
T1308,R066,D022,4.9,12.35,Friday,Premium,London,TRUE
T1309,R066,D011,19.3,19.59,Sunday,Premium,London,TRUE
T1310,R066,D027,1.1,17.69,Monday,Plus,Chicago,TRUE
T1311,R066,D002,18.1,19.7,Wednesday,XL,NYC,TRUE
T1312,R066,D006,2.7,6.71,Friday,Premium,London,TRUE
T1313,R066,D100,16.9,9.71,Wednesday,Economy,NYC,TRUE
T1314,R066,D055,11.5,19.17,Sunday,Premium,London,TRUE
T1315,R066,D048,12.5,14.62,Tuesday,Plus,NYC,TRUE
T1316,R066,D028,16.4,19.69,Friday,XL,London,TRUE
T1317,R066,D029,6,19.58,Friday,Plus,Chicago,TRUE
T1318,R066,D068,1.8,15.96,Sunday,Economy,London,TRUE
T1319,R066,D041,3.6,10.88,Friday,Premium,Chicago,TRUE
T1320,R066,D005,3,14.95,Sunday,Economy,NYC,TRUE
T1321,R067,D095,4.3,8.86,Monday,XL,NYC,TRUE
T1322,R067,D009,19.3,9.65,Monday,Premium,London,TRUE
T1323,R067,D083,4.7,17.61,Friday,Economy,Chicago,TRUE
T1324,R067,D028,7.3,15.32,Friday,Economy,Chicago,TRUE
T1325,R067,D015,14.2,16.62,Wednesday,Plus,Chicago,TRUE
T1326,R067,D060,14.2,9.62,Friday,Premium,London,TRUE
T1327,R067,D075,6.4,14.62,Wednesday,XL,Chicago,TRUE
T1328,R067,D093,6.7,14.2,Wednesday,Economy,Chicago,TRUE
T1329,R067,D017,9.2,8.4,Monday,Premium,Chicago,TRUE
T1330,R067,D061,8.3,8.69,Saturday,Economy,NYC,TRUE
T1331,R067,D041,18.2,18.17,Friday,XL,Chicago,TRUE
T1332,R067,D025,11.2,16.77,Monday,Economy,London,TRUE
T1333,R067,D076,12.5,5.38,Wednesday,Economy,London,TRUE
T1334,R067,D019,10.6,16.33,Sunday,XL,Chicago,TRUE
T1335,R067,D052,10.6,18.47,Wednesday,Economy,NYC,TRUE
T1336,R067,D071,9,18.4,Monday,XL,Chicago,TRUE
T1337,R067,D011,5.1,6.79,Wednesday,Economy,Chicago,TRUE
T1338,R067,D015,7.1,19.64,Sunday,XL,Chicago,TRUE
T1339,R067,D073,5.6,18.65,Sunday,Plus,Chicago,TRUE
T1340,R067,D088,1,8.88,Thursday,XL,Chicago,TRUE
T1341,R068,D083,5.3,18.33,Monday,Economy,Chicago,TRUE
T1342,R068,D011,19.4,17.5,Saturday,Premium,NYC,TRUE
T1343,R068,D033,9.2,11.59,Sunday,Economy,London,TRUE
T1344,R068,D073,19.3,6.15,Wednesday,Economy,NYC,TRUE
T1345,R068,D023,5.9,17.99,Friday,Premium,NYC,TRUE
T1346,R068,D017,3.6,9.85,Thursday,XL,London,TRUE
T1347,R068,D010,11.7,8.48,Monday,Premium,NYC,TRUE
T1348,R068,D072,9.2,17.42,Friday,Premium,London,TRUE
T1349,R068,D018,17.4,19.87,Monday,Premium,London,TRUE
T1350,R068,D024,18.4,8.45,Friday,XL,Chicago,TRUE
T1351,R068,D089,12.7,6.33,Saturday,Economy,Chicago,TRUE
T1352,R068,D050,17,14.53,Monday,Plus,Chicago,TRUE
T1353,R068,D071,6.5,17.85,Wednesday,XL,NYC,TRUE
T1354,R068,D012,18.1,7.76,Tuesday,XL,NYC,TRUE
T1355,R068,D080,3.7,12.58,Monday,XL,NYC,TRUE
T1356,R068,D003,3.7,10.33,Wednesday,Economy,London,TRUE
T1357,R068,D031,12,17.37,Sunday,Premium,London,TRUE
T1358,R068,D099,19.9,12.26,Friday,XL,London,TRUE
T1359,R068,D021,11.1,8.48,Thursday,Premium,NYC,TRUE
T1360,R068,D062,3.4,9.05,Wednesday,Premium,NYC,TRUE
T1361,R069,D034,4.4,17.34,Saturday,Plus,NYC,TRUE
T1362,R069,D028,15.7,5.39,Sunday,Plus,NYC,TRUE
T1363,R069,D036,13.4,11.09,Saturday,Premium,Chicago,TRUE
T1364,R069,D026,11.6,13.94,Saturday,XL,London,TRUE
T1365,R069,D001,15.2,12.93,Sunday,Premium,London,TRUE
T1366,R069,D090,7.5,15.24,Friday,Plus,London,TRUE
T1367,R069,D021,8.4,12.62,Thursday,XL,Chicago,TRUE
T1368,R069,D042,7.7,13.32,Tuesday,Premium,NYC,TRUE
T1369,R069,D085,12.8,17.62,Thursday,Plus,Chicago,TRUE
T1370,R069,D035,4.1,9.69,Saturday,Plus,Chicago,TRUE
T1371,R069,D094,5.7,5.54,Saturday,Plus,London,TRUE
T1372,R069,D012,19,17.24,Monday,XL,Chicago,TRUE
T1373,R069,D097,19.8,16.68,Wednesday,Premium,Chicago,TRUE
T1374,R069,D013,11.2,17.89,Sunday,Plus,Chicago,TRUE
T1375,R069,D050,1.9,5.99,Sunday,Premium,NYC,TRUE
T1376,R069,D064,12.4,5.13,Tuesday,Premium,NYC,TRUE
T1377,R069,D033,14.7,13.88,Sunday,Premium,London,TRUE
T1378,R069,D024,12.1,18.04,Tuesday,Premium,NYC,TRUE
T1379,R069,D009,11,11.69,Saturday,Plus,Chicago,TRUE
T1380,R069,D031,7.7,5.56,Friday,Plus,London,TRUE
T1381,R070,D096,2.5,11.15,Friday,Premium,London,TRUE
T1382,R070,D066,3.4,10.48,Saturday,Premium,Chicago,TRUE
T1383,R070,D031,8,12.15,Monday,Premium,London,TRUE
T1384,R070,D060,12.4,7.01,Monday,Premium,London,TRUE
T1385,R070,D091,5.5,12.19,Monday,XL,NYC,TRUE
T1386,R070,D099,1.3,8.96,Friday,XL,London,TRUE
T1387,R070,D097,6.9,12.35,Saturday,XL,Chicago,TRUE
T1388,R070,D023,2.5,18.59,Sunday,Economy,London,TRUE
T1389,R070,D037,5.8,12.51,Saturday,XL,Chicago,TRUE
T1390,R070,D074,3.7,15.55,Sunday,Plus,Chicago,TRUE
T1391,R070,D043,8,5.87,Monday,Economy,Chicago,TRUE
T1392,R070,D019,3.7,15.34,Friday,Economy,Chicago,TRUE
T1393,R070,D016,11.8,16.98,Tuesday,Economy,NYC,TRUE
T1394,R070,D039,11.3,5.28,Friday,Premium,NYC,TRUE
T1395,R070,D096,4.1,5.55,Wednesday,XL,London,TRUE
T1396,R070,D050,19,13.67,Thursday,Premium,NYC,TRUE
T1397,R070,D019,12.9,16.85,Wednesday,Plus,Chicago,TRUE
T1398,R070,D004,2.2,16.03,Saturday,Plus,Chicago,TRUE
T1399,R070,D051,4.4,9.03,Monday,Plus,Chicago,TRUE
T1400,R070,D035,13.7,17.08,Tuesday,Economy,London,TRUE
T1401,R071,D034,18.2,11.37,Wednesday,Economy,London,FALSE
T1402,R071,D029,16.5,7.48,Wednesday,XL,NYC,FALSE
T1403,R071,D077,9.4,14.06,Tuesday,Premium,NYC,FALSE
T1404,R071,D100,4.1,17.39,Friday,Premium,Chicago,FALSE
T1405,R071,D084,4.1,16.71,Tuesday,Economy,London,FALSE
T1406,R071,D054,10.1,6.22,Monday,Premium,NYC,FALSE
T1407,R071,D067,8.5,6.06,Sunday,Economy,London,FALSE
T1408,R071,D089,16.1,19.38,Thursday,Premium,NYC,FALSE
T1409,R072,D085,15.6,6.35,Sunday,Premium,London,FALSE
T1410,R072,D053,8.6,8.18,Thursday,Economy,Chicago,FALSE
T1411,R072,D040,13,11.59,Thursday,Premium,Chicago,FALSE
T1412,R072,D005,8.8,16.67,Friday,Premium,NYC,FALSE
T1413,R072,D005,7.9,17.77,Thursday,Premium,Chicago,FALSE
T1414,R072,D083,12.8,14.37,Saturday,Economy,London,FALSE
T1415,R072,D094,19.2,10.82,Sunday,Plus,Chicago,FALSE
T1416,R072,D071,10,7.16,Monday,Plus,NYC,FALSE
T1417,R073,D017,12.8,18.23,Wednesday,Premium,London,FALSE
T1418,R073,D093,6.5,18.11,Thursday,Premium,Chicago,FALSE
T1419,R073,D098,8.7,10.08,Tuesday,Premium,NYC,FALSE
T1420,R073,D017,9.5,12.7,Monday,Plus,Chicago,FALSE
T1421,R073,D061,6.4,12.41,Friday,XL,NYC,FALSE
T1422,R073,D011,19.4,16.9,Thursday,XL,NYC,FALSE
T1423,R073,D014,17.8,18.78,Sunday,XL,NYC,FALSE
T1424,R073,D033,16.4,13.8,Friday,Economy,Chicago,FALSE
T1425,R074,D034,14.5,17.35,Friday,XL,NYC,FALSE
T1426,R074,D064,4.4,17.11,Tuesday,XL,London,FALSE
T1427,R074,D010,2.2,9.22,Wednesday,Premium,London,FALSE
T1428,R074,D098,3,12.63,Saturday,Plus,NYC,FALSE
T1429,R074,D038,17.1,9.43,Sunday,XL,Chicago,FALSE
T1430,R074,D077,7.8,18.01,Saturday,Premium,London,FALSE
T1431,R074,D012,15.9,15.7,Monday,XL,NYC,FALSE
T1432,R074,D035,18.3,10.44,Friday,Economy,London,FALSE
T1433,R075,D059,13,19.96,Monday,Premium,NYC,FALSE
T1434,R075,D033,12.7,15.52,Wednesday,Economy,London,FALSE
T1435,R075,D043,2.3,8.56,Sunday,Premium,London,FALSE
T1436,R075,D011,5.6,14.71,Wednesday,Plus,NYC,FALSE
T1437,R075,D072,8.8,10.16,Thursday,Plus,Chicago,FALSE
T1438,R075,D081,16.4,17.01,Saturday,Plus,Chicago,FALSE
T1439,R075,D004,8.2,9.88,Monday,Premium,NYC,FALSE
T1440,R075,D076,9.5,9.01,Sunday,Economy,London,FALSE
T1441,R076,D047,11.8,6.05,Thursday,Premium,London,FALSE
T1442,R076,D056,3.5,13.56,Thursday,XL,London,FALSE
T1443,R076,D014,1.2,5.06,Wednesday,Plus,NYC,FALSE
T1444,R076,D051,13.9,9.21,Saturday,Economy,NYC,FALSE
T1445,R076,D027,16.9,9.2,Monday,Economy,London,FALSE
T1446,R076,D075,18.8,17.27,Sunday,Economy,Chicago,FALSE
T1447,R076,D049,2.1,6.76,Thursday,XL,NYC,FALSE
T1448,R076,D029,13.7,8.93,Saturday,XL,London,FALSE
T1449,R077,D038,8.3,11.59,Friday,Premium,Chicago,FALSE
T1450,R077,D019,11.9,19.38,Monday,Premium,London,FALSE
T1451,R077,D021,3.6,9.76,Thursday,Economy,Chicago,FALSE
T1452,R077,D049,5.9,16.78,Friday,Plus,Chicago,FALSE
T1453,R077,D006,6.9,6.97,Monday,XL,NYC,FALSE
T1454,R077,D069,14.6,12.42,Saturday,Economy,London,FALSE
T1455,R077,D088,4.6,12.88,Wednesday,Premium,London,FALSE
T1456,R077,D016,3.7,18.29,Wednesday,Premium,NYC,FALSE
T1457,R078,D073,11.9,10.43,Sunday,Premium,Chicago,FALSE
T1458,R078,D078,1.9,11.99,Friday,Premium,NYC,FALSE
T1459,R078,D062,9.3,11.6,Saturday,XL,London,FALSE
T1460,R078,D069,10.2,15.7,Friday,Economy,Chicago,FALSE
T1461,R078,D030,9.8,5.77,Sunday,XL,London,FALSE
T1462,R078,D062,10.2,15.52,Sunday,Premium,NYC,FALSE
T1463,R078,D045,15,14.95,Thursday,Plus,London,FALSE
T1464,R078,D068,19.8,14.96,Saturday,Plus,NYC,FALSE
T1465,R079,D068,17,12.5,Saturday,XL,NYC,FALSE
T1466,R079,D096,3.1,9.13,Thursday,Economy,London,FALSE
T1467,R079,D092,17.4,10.6,Sunday,Plus,London,FALSE
T1468,R079,D085,11.8,6.58,Wednesday,Economy,Chicago,FALSE
T1469,R079,D052,14,8.82,Sunday,Plus,NYC,FALSE
T1470,R079,D070,16,5.69,Monday,Economy,NYC,FALSE
T1471,R079,D042,8.6,12.04,Monday,Plus,NYC,FALSE
T1472,R079,D020,17.2,9.86,Sunday,XL,NYC,FALSE
T1473,R080,D081,4.6,8.15,Thursday,Economy,Chicago,FALSE
T1474,R080,D075,10.4,16.29,Thursday,Premium,NYC,FALSE
T1475,R080,D040,3.3,8.66,Wednesday,Plus,NYC,FALSE
T1476,R080,D021,5.3,11.08,Tuesday,Plus,NYC,FALSE
T1477,R080,D096,18.2,15.55,Thursday,Economy,London,FALSE
T1478,R080,D058,10,6.72,Thursday,Plus,NYC,FALSE
T1479,R080,D083,11.3,7.02,Tuesday,Plus,NYC,FALSE
T1480,R080,D043,19.5,19.77,Wednesday,Economy,Chicago,FALSE
T1481,R081,D001,19.5,19.65,Saturday,XL,London,FALSE
T1482,R081,D034,14,16.38,Sunday,XL,NYC,FALSE
T1483,R081,D076,15.8,5.45,Thursday,Economy,London,FALSE
T1484,R081,D014,1.4,19.61,Monday,XL,Chicago,FALSE
T1485,R081,D067,14.8,16.4,Sunday,XL,NYC,FALSE
T1486,R081,D048,18.5,18.31,Wednesday,Plus,London,FALSE
T1487,R081,D020,9.4,8.33,Monday,Plus,Chicago,FALSE
T1488,R081,D090,14.4,9.06,Monday,Premium,London,FALSE
T1489,R082,D004,16.5,14.11,Wednesday,Economy,Chicago,FALSE
T1490,R082,D004,10.2,10.1,Thursday,Plus,London,FALSE
T1491,R082,D090,17,16.35,Tuesday,Economy,London,FALSE
T1492,R082,D065,10.4,6.12,Wednesday,Plus,Chicago,FALSE
T1493,R082,D089,1.3,18.36,Sunday,XL,London,FALSE
T1494,R082,D081,9.4,16.56,Wednesday,XL,NYC,FALSE
T1495,R082,D085,10.1,18.24,Friday,Economy,Chicago,FALSE
T1496,R082,D036,12.4,19.22,Sunday,Economy,London,FALSE
T1497,R083,D017,9.4,9.86,Wednesday,Economy,London,FALSE
T1498,R083,D039,6.8,7.68,Sunday,Economy,London,FALSE
T1499,R083,D059,13.8,7.25,Friday,Economy,London,FALSE
T1500,R083,D069,12.6,6.72,Wednesday,Economy,NYC,FALSE
T1501,R083,D093,19.5,12.07,Friday,Economy,Chicago,FALSE
T1502,R083,D009,4.3,17.17,Saturday,Premium,NYC,FALSE
T1503,R083,D031,19.5,18,Sunday,Plus,Chicago,FALSE
T1504,R083,D070,12,5.97,Friday,Economy,Chicago,FALSE
T1505,R084,D041,15,15.98,Saturday,Economy,London,FALSE
T1506,R084,D031,17.5,19.59,Tuesday,Premium,NYC,FALSE
T1507,R084,D035,13.3,9.67,Thursday,Plus,London,FALSE
T1508,R084,D073,14.2,15.75,Tuesday,XL,NYC,FALSE
T1509,R084,D049,19.9,13.93,Monday,Plus,NYC,FALSE
T1510,R084,D099,17.1,5.65,Saturday,Economy,London,FALSE
T1511,R084,D038,15.6,11.74,Wednesday,Premium,NYC,FALSE
T1512,R084,D082,3.6,14.58,Sunday,Economy,London,FALSE
T1513,R085,D017,2.8,17.01,Sunday,XL,NYC,FALSE
T1514,R085,D077,10.9,13.13,Friday,Plus,Chicago,FALSE
T1515,R085,D047,4.7,18.23,Sunday,XL,NYC,FALSE
T1516,R085,D093,14.9,5.1,Tuesday,XL,Chicago,FALSE
T1517,R085,D053,10.4,11.7,Sunday,Economy,London,FALSE
T1518,R085,D016,3.7,12.25,Thursday,XL,Chicago,FALSE
T1519,R085,D097,17,16.9,Thursday,XL,Chicago,FALSE
T1520,R085,D015,18.9,9.18,Thursday,Plus,Chicago,FALSE
T1521,R086,D091,6.3,13.86,Saturday,Premium,NYC,FALSE
T1522,R086,D022,3.9,7.81,Saturday,Plus,Chicago,FALSE
T1523,R086,D008,14.4,17.11,Wednesday,Plus,London,FALSE
T1524,R086,D065,11.7,13.92,Friday,XL,Chicago,FALSE
T1525,R086,D070,2.7,9.09,Wednesday,XL,London,FALSE
T1526,R086,D086,11.6,17.04,Tuesday,Premium,London,FALSE
T1527,R086,D070,12.7,14.07,Wednesday,XL,Chicago,FALSE
T1528,R086,D005,11.4,19.37,Saturday,Premium,Chicago,FALSE
T1529,R087,D090,8.5,7.68,Sunday,XL,Chicago,FALSE
T1530,R087,D009,8.9,5.06,Tuesday,Premium,London,FALSE
T1531,R087,D031,18.2,10.58,Thursday,Premium,NYC,FALSE
T1532,R087,D067,13.8,16.57,Friday,Premium,NYC,FALSE
T1533,R087,D041,19.1,13.6,Tuesday,XL,London,FALSE
T1534,R087,D032,3.9,7.56,Friday,Premium,Chicago,FALSE
T1535,R087,D053,11.6,6.34,Sunday,Economy,London,FALSE
T1536,R087,D023,2.9,18.14,Saturday,XL,Chicago,FALSE
T1537,R088,D082,12.8,7.18,Saturday,XL,Chicago,FALSE
T1538,R088,D086,5.9,14.53,Saturday,Plus,Chicago,FALSE
T1539,R088,D058,10.1,11.69,Tuesday,Economy,London,FALSE
T1540,R088,D023,10.1,18.89,Friday,XL,NYC,FALSE
T1541,R088,D025,16.8,14.18,Wednesday,XL,London,FALSE
T1542,R088,D038,18,6.04,Tuesday,Economy,Chicago,FALSE
T1543,R088,D030,12,12.75,Monday,Economy,NYC,FALSE
T1544,R088,D038,18.9,15.34,Friday,Plus,NYC,FALSE
T1545,R089,D004,6.5,12.27,Monday,Premium,Chicago,FALSE
T1546,R089,D081,12.9,14.24,Friday,Plus,London,FALSE
T1547,R089,D070,12.8,12.19,Friday,Premium,NYC,FALSE
T1548,R089,D026,13.3,17.79,Monday,Premium,NYC,FALSE
T1549,R089,D039,5.5,9.01,Sunday,Economy,London,FALSE
T1550,R089,D096,8.7,11.13,Tuesday,Premium,London,FALSE
T1551,R089,D027,4.2,16.99,Saturday,Premium,NYC,FALSE
T1552,R089,D062,10.9,18.11,Tuesday,Plus,NYC,FALSE
T1553,R090,D075,12.1,13.08,Thursday,Premium,Chicago,FALSE
T1554,R090,D021,2.5,9.92,Wednesday,XL,London,FALSE
T1555,R090,D097,14.8,13.67,Friday,Premium,NYC,FALSE
T1556,R090,D072,12.7,10.01,Wednesday,Economy,London,FALSE
T1557,R090,D017,13.7,7.38,Thursday,XL,London,FALSE
T1558,R090,D094,6.6,12.65,Monday,Economy,London,FALSE
T1559,R090,D078,7.9,5.55,Tuesday,XL,London,FALSE
T1560,R090,D024,13,7.14,Tuesday,XL,NYC,FALSE
T1561,R091,D007,19.2,7.58,Tuesday,Plus,NYC,FALSE
T1562,R091,D067,7.9,9.86,Friday,Economy,Chicago,FALSE
T1563,R091,D033,4.8,10.3,Friday,XL,NYC,FALSE
T1564,R091,D088,5.8,18,Friday,Economy,NYC,FALSE
T1565,R091,D079,10.2,10.35,Monday,XL,Chicago,FALSE
T1566,R091,D091,8.9,19.26,Saturday,Economy,NYC,FALSE
T1567,R091,D024,7.2,12.24,Monday,Economy,NYC,FALSE
T1568,R091,D087,7.8,18.01,Saturday,Plus,Chicago,FALSE
T1569,R092,D046,14,9.76,Thursday,Economy,Chicago,FALSE
T1570,R092,D027,17.4,10.03,Saturday,Plus,NYC,FALSE
T1571,R092,D012,9.9,7.42,Thursday,Plus,NYC,FALSE
T1572,R092,D049,12.1,14.37,Wednesday,XL,Chicago,FALSE
T1573,R092,D008,10.5,7.75,Sunday,Plus,London,FALSE
T1574,R092,D097,13.7,13.09,Wednesday,XL,Chicago,FALSE
T1575,R092,D086,14.1,7.94,Monday,XL,Chicago,FALSE
T1576,R092,D098,3,6.56,Friday,Plus,London,FALSE
T1577,R093,D005,3.1,9.95,Monday,XL,NYC,FALSE
T1578,R093,D077,18.7,14.02,Sunday,Plus,London,FALSE
T1579,R093,D083,9,15.36,Friday,XL,Chicago,FALSE
T1580,R093,D095,11.7,8.07,Tuesday,Economy,Chicago,FALSE
T1581,R093,D026,19.2,11.23,Tuesday,XL,Chicago,FALSE
T1582,R093,D020,4.7,7.17,Tuesday,Premium,London,FALSE
T1583,R093,D029,5.3,8.11,Monday,XL,NYC,FALSE
T1584,R093,D056,12.8,16.49,Sunday,Economy,Chicago,FALSE
T1585,R094,D009,16.9,12.22,Sunday,XL,London,FALSE
T1586,R094,D080,16.4,8.59,Sunday,Plus,NYC,FALSE
T1587,R094,D085,3.9,16.95,Monday,XL,NYC,FALSE
T1588,R094,D097,2.6,11.64,Wednesday,XL,London,FALSE
T1589,R094,D049,15.8,7.55,Friday,Plus,London,FALSE
T1590,R094,D050,19.1,7.48,Tuesday,Premium,Chicago,FALSE
T1591,R094,D042,12.7,19.53,Saturday,Plus,NYC,FALSE
T1592,R094,D073,9.3,12.83,Monday,XL,London,FALSE
T1593,R095,D011,13.6,12.84,Thursday,Premium,London,FALSE
T1594,R095,D065,17.5,15.33,Saturday,Premium,NYC,FALSE
T1595,R095,D098,10.5,16.82,Monday,Plus,NYC,FALSE
T1596,R095,D075,11,15.39,Thursday,Economy,Chicago,FALSE
T1597,R095,D089,15.6,18.19,Sunday,XL,London,FALSE
T1598,R095,D062,8,7.12,Saturday,Economy,Chicago,FALSE
T1599,R095,D078,18.9,8.98,Friday,Premium,NYC,FALSE
T1600,R095,D095,1.6,18.44,Tuesday,XL,London,FALSE
T1601,R096,D014,7.4,10.31,Monday,Plus,NYC,FALSE
T1602,R096,D084,3.6,18.98,Saturday,Premium,Chicago,FALSE
T1603,R096,D088,7.4,9.91,Friday,Plus,NYC,FALSE
T1604,R096,D037,10.2,14.68,Monday,Economy,NYC,FALSE
T1605,R096,D093,15.4,12.82,Thursday,Premium,London,FALSE
T1606,R096,D010,16.1,13.44,Tuesday,Premium,Chicago,FALSE
T1607,R096,D049,8.9,12.48,Friday,Premium,NYC,FALSE
T1608,R096,D052,1.6,12.96,Wednesday,Economy,NYC,FALSE
T1609,R097,D071,18.8,10.75,Monday,Premium,NYC,FALSE
T1610,R097,D022,18.4,14.02,Saturday,Economy,Chicago,FALSE
T1611,R097,D044,12.6,8.95,Sunday,Premium,NYC,FALSE
T1612,R097,D096,18.5,14.7,Sunday,XL,NYC,FALSE
T1613,R097,D011,12.9,14.99,Saturday,Premium,NYC,FALSE
T1614,R097,D018,3.4,13.32,Wednesday,Plus,NYC,FALSE
T1615,R097,D012,3.7,9.62,Friday,Premium,NYC,FALSE
T1616,R097,D071,14,16.15,Saturday,Plus,Chicago,FALSE
T1617,R098,D003,18.5,17.71,Wednesday,XL,Chicago,FALSE
T1618,R098,D059,3.9,10.53,Sunday,Premium,London,FALSE
T1619,R098,D046,17.8,11.62,Sunday,Economy,London,FALSE
T1620,R098,D082,9.6,18.06,Sunday,XL,NYC,FALSE
T1621,R098,D063,1.9,11.13,Wednesday,XL,London,FALSE
T1622,R098,D049,16.6,12.27,Friday,Economy,Chicago,FALSE
T1623,R098,D070,19.4,12.56,Monday,Economy,London,FALSE
T1624,R098,D030,16.3,5.59,Friday,XL,Chicago,FALSE
T1625,R099,D070,6.6,10.93,Tuesday,XL,NYC,FALSE
T1626,R099,D036,4.8,11.9,Saturday,Premium,Chicago,FALSE
T1627,R099,D053,4.8,13.35,Sunday,Economy,NYC,FALSE
T1628,R099,D029,7.6,15.09,Sunday,Economy,Chicago,FALSE
T1629,R099,D037,5.3,15.23,Wednesday,Plus,NYC,FALSE
T1630,R099,D061,4.1,18.36,Wednesday,Economy,Chicago,FALSE
T1631,R099,D042,2.8,14.99,Saturday,XL,Chicago,FALSE
T1632,R099,D054,13,12.86,Wednesday,XL,Chicago,FALSE
T1633,R100,D042,15.9,9.67,Monday,Plus,Chicago,FALSE
T1634,R100,D055,2.1,5.39,Tuesday,Economy,London,FALSE
T1635,R100,D062,2.6,6.95,Thursday,Plus,Chicago,FALSE
T1636,R100,D046,1.1,12.53,Tuesday,Plus,Chicago,FALSE
T1637,R100,D029,3.7,12.66,Monday,Plus,NYC,FALSE
T1638,R100,D051,18.7,6.73,Tuesday,Premium,Chicago,FALSE
T1639,R100,D032,4.1,8.84,Tuesday,Plus,NYC,FALSE
T1640,R100,D001,19.8,7.47,Sunday,XL,NYC,FALSE
